Name,Notes,Lat,Long,x,y
Sveta Marija u. Polju,,44.702379157282046,18.88237688405786,2101976.5797000006,5574788.2381
S. Elisabeth,,50.967063791633144,10.308852332347724,1147576.1922999993,6615469.755400002
Gniezno,,52.54430000018174,17.60199999961191,1959445.6768999994,6899146.606899999
Asti,,44.89999999995322,8.204200000303853,913287.3663999997,5605792.247199997
Pisa,,43.7146000003052,10.383300000415044,1155863.6688,5421381.580799997
Lucca,,43.84330000029008,10.515699999687149,1170602.3693000004,5441224.433899999
Siena,,43.32129999983499,11.330800000175863,1261338.8863000013,5361005.558600001
Viterbo,,42.419800000007285,12.108599999825438,1347923.1862000003,5224072.360299997
Überlingen, ,47.768699999817265,9.159000000219269,1019575.2162000015,6068460.657899998
Schwäbisch Gmund,,48.800099999862034,9.790899999929369,1089918.0023999996,6241010.363600001
Schwäbisch Hall,,49.119199999819045,9.73680000039575,1083895.6180000007,6295111.3961
Benevento,,41.130400000192836,14.783099999586378,1645647.1642999984,5031594.702299997
Cosenza,,39.300300000276415,16.25229999982466,1809197.7602000013,4764778.712300003
Speyer,,49.314999999802126,8.428599999998323,938267.4600999989,6328480.309100002
Marburg,,50.80790000025368,8.77319999975252,976628.1565999985,6587383.5449
Rothenburg,,49.37589999984685,10.188899999608457,1134223.1596999988,6338886.128600001
Muhlhausen, ,51.20679999993816,10.465599999586027,1165025.2628000006,6657956.093999997
Bamberg,,49.89259999974128,10.887099999861213,1211946.428199999,6427696.786399998
Schleswig,,54.5171000000195,9.566700000251446,1064960.172600001,7268703.537299998
Crotone,,39.08009999993128,17.126700000277037,1906535.5229999982,4733151.713500001
Brindisi, ,40.63700000030245,17.93850000004369,1996904.6856000014,4958945.7918
Quimper,,47.99710000014537,-4.100799999595242,-456498.9677999988,6106372.391800001
Vannes,,47.66130000027558,-2.755199999697913,-306707.4609999992,6050691.061899997
Bayonne,,43.49149999969042,-1.464100000265628,-162982.8665000014,5387084.913099997
Talavera de la Reina,,39.959799999884574,-4.831100000257064,-537795.5920000002,4860102.243500002
Toledo,,39.86280000025008,-4.024799999597862,-448038.6865000017,4846024.733900003
Tortosa,,40.811500000295446,0.5214999995625853,58053.11439999938,4984577.589299999
Agen,,44.20490000003299,0.6253999996216888,69619.20949999988,5497205.8772
Cahors,,44.4462000000083,1.4417999997687418,160500.44179999828,5534754.320200004
Narbonne,,43.18439999986122,3.0006999997900237,334036.3960000016,5340081.658399999
Albi,,43.92419999978677,2.147700000209188,239080.87040000036,5453719.442000002
Périgueux, ,45.182499999735846,0.7190000001763946,80038.71389999986,5650298.2793999985
Le Puy-en-Velay, ,45.045199999862255,3.881800000347394,432119.999400001,5628640.110100001
Angoulême, ,45.651200000110066,0.1678999999623589,18690.542500000447,5724628.878899999
Troyes,,48.28770000018571,4.080999999754303,454294.8418999985,6154852.0242
Bourges,,47.08460000003842,2.4040000002961777,267612.05590000004,5955893.8948
Nevers,,46.990500000201884,3.1660000004356426,352437.5078999996,5940523.568499997
Avignon,,43.95300000018471,4.817700000047114,536303.9107999988,5458171.703599997
Valence,,44.93070000029578,4.884100000148861,543695.5249999985,5610618.209399998
Senlis,,49.206399999780565,2.5894999999175323,288261.82140000165,6309955.998599999
Arras,,50.29130000004923,2.771400000139447,308510.83680000156,6496877.542199999
Rennes,,48.11900399970857,-1.676996999983416,-186682.45210000128,6126675.744199999
Seville,,37.373004000030114,-5.970995999562767,-664688.2342000008,4491227.0524
Bordeaux,,44.840997000225556,-0.5990040003311874,-66680.82030000165,5596524.355099998
Montpellier,,43.614000000299185,3.8670030003947233,430472.80490000173,5405900.818000004
Toulouse,,43.599996000322584,1.4380020000026281,160077.65040000156,5403747.876699999
Barcelona,,41.357996999938216,2.159000999621188,240338.89189999923,5065290.410700001
Genoa,,44.41300199968715,8.88299999985043,988851.0366999991,5529579.236699998
Cagliari,,39.224996999862704,9.108998999852336,1014009.1303000003,4753951.8977999985
Bari,,41.10000300003411,16.866701999983025,1877592.6779999994,5027103.292300001
Naples,,40.8333599997551,14.250024000252182,1586305.4155000001,4987793.286399998
Palermo,,38.12100299977923,13.358996999561016,1487116.7435000017,4596533.608999997
Bologna,,44.50300200026917,11.333997000067468,1261694.7747000009,5543615.748599999
Ancona,,43.621001999923514,13.516001999992215,1504594.4602000006,5406977.476599999
Perugia,,43.1129970002672,12.384999000402434,1378691.7822000012,5329186.988600001
Rome,,41.879996999813855,12.519998999889575,1393719.9134000018,5143020.4921
Bremen,,53.0800019998037,8.85799799992961,986067.8267999999,6997809.857000001
Erfurt,,50.97599999995419,11.03599800039898,1228521.6777999997,6617049.498099998
Frankfurt am Main,,50.12999999999108,8.66816099969354,964935.2685999982,6468820.063900001
Amiens,,49.88799899974263,2.3020019995948897,256257.69040000066,6426901.786799997
Rouen,,49.43199599993919,1.0770029996152852,119891.42550000176,6348482.515500002
Paris,,48.8819969997246,2.432996999626653,270839.9871000014,6254862.421400003
Orléans, ,47.9140019999416,1.9060020000811992,212175.17210000008,6092559.737999998
Poitiers,,46.584999000141,0.3400019999218994,37848.84950000048,5874596.4794000015
Limoges,,45.83099699974298,1.2519990004160173,139371.89119999856,5753307.6096
Dijon,,47.31800400013601,5.0360039998842066,560605.4008999988,5994135.773500003
Clermont-Ferrand,,45.78399900028791,3.0909960003229866,344088.10080000013,5745802.216700003
Lyon,,45.746999999937806,4.854995999789983,540455.682500001,5739898.074199997
Bruges,,51.21000000015961,3.220002000059977,358448.9829999991,6658524.694700003
Hamburg,,53.57099699999951,10.027997999676922,1116311.631000001,7089323.315399997
Besançon, ,47.248001999942176,6.018003000427647,669921.0295999981,5982648.678400002
Turin,,45.07487099984795,7.666424999956667,853422.5271999985,5633316.104099996
Milan,,45.47300399994094,9.189999000263278,1023026.0091000013,5696296.213399999
Vienna,,48.20211899970634,16.32097799992616,1816842.9602000006,6140546.3467999995
Munich,,48.140972999934796,11.542950000429249,1284955.316300001,6130339.844899997
Venice,,45.424773000208766,12.370716000285647,1377101.8059,5688643.0352
Graz,,47.06499599992638,15.43100399991944,1717771.5077,5952689.5342999995
Schwerin,,53.63330400004634,11.416697999994742,1270901.0078999996,7101012.087700002
Angers,,47.46900400003878,-0.5319969996087878,-59221.63509999961,6018966.300899997
La Coruna, ,43.30099599984598,-8.37899799983958,-932745.7906999998,5357899.306699999
Santander,,43.42800399985673,-3.819003999843028,-425129.5806000009,5377346.9947
Leon,,42.601002999698984,-5.572995999883679,-620383.0769000016,5251436.2892
Burgos,,42.341002000180715,-3.696001000076974,-411436.9492999986,5212197.550700001
Toro,,41.52499899986629,-5.394003999848356,-600457.7785999998,5090090.041599996
Vitoria,,42.88399899978389,-2.7230020002778916,-303123.1961000003,5294331.946400002
Córdoba,,37.884003999980884,-4.776999999825113,-531773.2074999996,4563052.402900003
Jaen,,37.77099999992719,-3.7909959998262965,-422011.74430000037,4547126.111299999
Murcia,,37.98829599988996,-1.4847820001884702,-165285.1761999987,4577772.562100001
Gerona,,41.976997000199795,2.8139959998714494,313252.60179999843,5157534.3288
Lerida,,41.622000999896294,0.623998999680994,69463.25090000033,5104524.132200003
Palma De Mallorca,,39.571000000245505,2.647000999557245,294662.8033999987,4803795.610399999
Digne,,44.09600200029841,6.2319980001374535,693742.8440000005,5480310.753300004
Nice,,43.719999999743585,7.261003999749179,808291.2679000013,5422213.290399998
Florence,,43.78200099997422,11.207999000076196,1247668.7415000014,5431768.080600001
Reggio di Calabria, ,38.112001000201325,15.646997000144806,1741815.738499999,4595259.9023
Siracusa,,37.07199699984628,15.291002000368968,1702186.556400001,4449146.997500002
Ferrara,,44.841003999835245,11.61000199956082,1292419.5106999986,5596525.454000004
Ravenna,,44.419002999885215,12.20899699967119,1359099.3291000016,5530514.487400003
Salerno,,40.72299999985199,14.926996999885713,1661665.7051,4971569.6831
Taranto,,40.46700399966753,17.243002999938135,1919482.3137000017,4934039.919699997
Lübeck,,53.86900299993824,10.647001999865562,1185218.8410999998,7145385.962700002
Verdun,,49.16100400001704,5.387995999854509,599788.9710999988,6302224.691299997
Sens,,48.19699600010506,3.2840029997881683,365573.5417000018,6139690.747400001
Le Mans,,47.994999999708384,0.19900100011362887,22152.69000000134,6106023.053300001
Osnabrück,,52.27999900018953,8.047000999703886,895788.0537,6850912.067199998
Aachen,,50.766000999772245,6.092003000259662,678158.6719000004,6580005.9221
Dortmund,,51.514000000233146,7.465996999963084,831110.9842999987,6712722.9799000025
Lüneberg,,53.250001000026614,10.408996999921753,1158724.2457000017,7029375.888599999
Braunschweig,,52.27099899993689,10.513999999995718,1170413.1262000017,6849274.655500002
Grenoble,,45.18099700004052,5.715001999797526,636191.1125000007,5650060.908699997
Limburg,,50.38299700015165,8.055002000190449,896678.7210000008,6512870.282399997
Würzburg, ,49.793002000166666,9.94600099955632,1107183.7666999996,6410504.309299998
Worms,,49.59600099993551,8.464996999940817,942319.1556000002,6376602.087399997
Nuremberg, ,49.44599799992266,11.063998999844697,1231638.7347999997,6350879.559799999
Ulm,,48.40000000022108,9.965998999763968,1109409.9338999987,6173660.452
Brescia,,45.54199600001924,10.222004000298197,1137908.2802000009,5707255.091200002
Verona,,45.43700199991477,10.99299800043591,1223734.9397,5690582.884099998
Padova,,45.411001000203576,11.865997999874198,1320916.8550999984,5686458.927900001
Wiener Neustadt,,47.816997999715795,16.237999999989434,1807605.8915,6076463.642300002
Roskilde,,55.63989999978561,12.08379999957097,1345162.4627999999,7487061.380800001
Fribourg,,46.80629999993731,7.162299999922176,797303.5888999999,5910514.415299997
Alessandria, ,44.91259999975769,8.614800000126738,958995.1493000016,5607772.623300001
Vercelli,,45.32359999982508,8.422299999926457,937566.1473000012,5672610.363499999
Como,,45.8076999997631,9.076799999709081,1010424.7540000007,5749586.380199999
Pavia,,45.19009999992167,9.164199999751014,1020154.0775000006,5651498.653300002
Spoleto,,42.739500000192365,12.737999999777957,1417987.673700001,5272404.7727999985
Iglesias,,39.316399999954776,8.531699999991273,949744.4996000007,4767095.0271999985
Agrigento,,37.31139999994539,13.585100000218285,1512286.4144000001,4482601.273199998
Prenzlau,,53.31379999994472,13.86180000019582,1543088.5174999982,7041254.681900002
Brandenburg, ,52.41110000014045,12.549699999925018,1397026.2135999985,6874801.676299997
Bautzen,,51.181199999914256,14.432999999826466,1606674.2105999999,6653408.7102999985
Santarem,,39.23219999971899,-8.685999999727136,-966921.0969999991,4754987.018299997
Castiello de Jaca,,42.631199999802995,-0.5484999999989982,-61058.740699999034,5256004.1428999975
Cuenca,,40.07359999969839,-2.137500000263915,-237945.41160000116,4876643.402099997
Muret,,43.4602000002999,1.3245999999571434,147453.7974999994,5382283.382399999
Carcassonne,,43.215400000095585,2.354399999787241,262090.60909999907,5344815.6052
Mende,,44.521099999877165,3.503799999627461,390041.2318000011,5546440.9507
Béziers, ,43.3479999997844,3.216000000079342,358003.4824000001,5365091.897100002
Vienne,,45.524500000302254,4.871599999564221,542304.0313000008,5704474.707199998
Mâcon, ,46.307999999981924,4.829700000141272,537639.7446999997,5829844.563699998
Toul,,48.67920000011816,5.895700000270357,656306.3218999989,6220602.614500001
Bonifacio,,41.38639999987508,9.1586999997453,1019541.8203000017,5069503.728
Porto,,41.165999999754014,-8.585001000181975,-955677.9398000017,5036857.545299999
Pamplona,,42.81299999984421,-1.6530029996428806,-184011.45219999924,5283551.716300003
Valladolid,,41.65000200018748,-4.721003999883162,-525539.7613000013,5108694.773599997
Namur,,50.46499800022553,4.868000999989684,541903.3924999982,6527198.1669000015
Utrecht,,52.1000009997456,5.111999999683678,569065.2369000018,6818227.153499998
Geneva,,46.20200399979972,6.134003999964936,682834.2017999999,5812779.806599997
Basel,,47.54700000001699,7.576002000100418,843356.6849000007,6031819.952100001
Luxembourg,,49.60799999996919,6.120000000405735,681275.2837000005,6378663.090899996
Strasbourg,,48.58299900021437,7.767999000335443,864729.6931999996,6204398.989100002
Zurich,,47.401002000189976,8.533998000082503,950000.3117999993,6007775.205600001
Alborg,,57.03499799989325,9.932003999669803,1105625.627799999,7767275.327
Trieste,,45.64500300004432,13.777002000018765,1533648.8473000005,5723642.062799998
Badajoz,,38.877999999659565,-6.9630009998827145,-775117.7256999984,4704211.155100003
Salamanca,,40.96699900006093,-5.657002000390498,-629734.5821000002,5007475.241800003
Anagni,,41.741998000312115,13.1509999997993,1463962.623399999,5122410.002800003
Trier,,49.75099899978459,6.640003999593081,739161.8641000018,6403264.406000003
Augsburg,,48.367995999813274,10.889002999942262,1212158.269200001,6168296.077299997
Regensberg,,49.020000999953126,12.097000999589277,1346631.9913999997,6278255.826899998
Arezzo,,43.46289999988724,11.881500000356807,1322642.5298999995,5382697.473899998
Tournai,,50.60489999996796,3.387599999898562,377105.9070000015,6551700.452299997
Urbino,,43.72466999970767,12.636719000200467,1406713.124400001,5422932.625699997
Viborg,,56.44780000001719,9.39050000005179,1045345.6783000007,7648081.376999997
Oristano, ,39.90530000022177,8.586599999591046,955855.9395999983,4852190.261399999
Fulda,,50.54760000010573,9.676199999875388,1077149.6568000019,6541656.203599997
Herford,,52.117500000027356,8.663399999654645,964405.2765000015,6821398.908399999
Zamora,,41.50609999982044,-5.750499999939646,-640142.7318000011,5087280.352899998
Palencia,,42.00949999986624,-4.533299999881887,-504644.64759999886,5162402.604199998
Saintes,,45.74740000018801,-0.6365000000905695,-70854.85590000078,5739961.883599997
Dax,,43.70699999976975,-1.052799999935681,-117197.15989999846,5420211.153300002
Tarbes,,43.23399999983253,0.07319999976582936,8148.586699999869,5347657.128399998
Aurillac,,44.92950000021613,2.442999999928418,271953.5159999989,5610429.5239999965
Rodez,,44.35130000017729,2.5739000004239347,286525.23739999905,5519968.593900003
Sées, ,48.605700000192165,0.17099999976958066,19035.63289999962,6208219.8508
Chartres,,48.449400000154945,1.4829000000238353,165075.67289999872,6181947.299699999
Évreux, ,49.01980000012486,1.1542999997962935,128496.08819999918,6278221.707800001
Wissembourg,,49.033699999787096,7.946700000117617,884622.5975000001,6280581.514600001
Die,,44.754800000087776,5.369600000327336,597741.1378000006,5583002.011399999
Embrun,,44.56279999999123,6.491500000138926,722630.4745000005,5552953.903700002
Liège, ,50.623001999930274,5.569002000298927,619938.4668999985,6554876.135499999
Gent,,51.04800000005391,3.7359990001421077,415889.5062999986,6629788.762999997
Odense,,55.39899599999636,10.392003000160143,1156832.4822999984,7439691.375100002
Astorga,,42.461998000242716,-6.047998000191016,-673260.0577000007,5230437.708300002
Vich, ,41.93500299976266,2.2500019997857925,250469.07690000162,5151248.1756
Uzès, ,44.020996000066134,4.4120000001803685,491141.5934000015,5468691.937799998
Nîmes, ,43.84599999976519,4.357000999948044,485019.13269999996,5441641.175399996
Tivoli,,41.961004000241566,12.789002000052491,1423665.1904000007,5155139.821099997
Châlons-sur-Marne,,48.963004000022046,4.364003000176809,485798.5918000005,6268586.2766999975
Hildesheim,,52.155996999760085,9.954002000042882,1108074.4340000004,6828381.009400003
Paderborn,,51.71299899985709,8.752997000403779,974379.1689999998,6748397.423900001
Albenga,,44.04599800028458,8.211998000400829,914155.435800001,5472563.241300002
Alghero,,40.56199899988847,8.314003999701407,925510.6917000003,4947949.7064
Parma,,44.80600300019481,10.324001000276255,1149262.5342999995,5591032.158399999
Sassari,,40.72900300004013,8.561000000168756,953006.1607000008,4972451.468699999
Trapani,,38.02200100021987,12.522998000312768,1394053.7606000006,4582534.282700002
Pescina,,42.02600200011406,13.64799799993158,1519288.1876999997,5164875.2136999965
Forli,,44.2220020001557,12.04499900013034,1340843.1552999988,5499862.025300004
Città di Castello,,43.461996999763535,12.23900300020348,1362439.5817999989,5382558.981200002
Gubbio,,43.35100000000749,12.57300200015441,1399620.180399999,5365551.148599997
Todi,,42.78499900020862,12.40200200038483,1380584.5474999994,5279303.549699999
Orvieto,,42.72700300029349,12.107998999950897,1347856.2831999995,5270510.803999998
Fermo,,43.16399800014605,13.707001999619282,1525856.482900001,5336967.422200002
Ascoli Piceno,,42.857998000265034,13.577995999882258,1511495.6006999984,5290382.6109
Teramo,,42.660997000215744,13.698001999773256,1524854.6075000018,5260513.662100002
Penne,,42.46000000012595,13.91799799980416,1549344.450199999,5230136.223700002
Rieti,,42.40400200011482,12.855998000005902,1431123.1510000005,5221690.416699998
L'Aquila, ,42.351000999691216,13.395997999751058,1491235.675999999,5213703.568599999
Chieti,,42.34800400012865,14.159998999880857,1576283.8783,5213252.1448
Lucera,,41.50899700031571,15.33199700014376,1706750.0989000015,5087710.992799997
Matera,,40.66399600009511,16.6079990002228,1848793.991799999,4962906.766000003
Castrovillari,,39.80599899999371,16.205995999839846,1804043.2225000001,4837790.501999997
Solothurn,,47.30834500020434,7.695253999955964,856631.7567999996,5992549.859399997
Luzern,,47.06357199981841,8.124760999667195,904444.2573000006,5952456.821099997
Bern,,46.8693519998517,7.595237000051831,845497.9153000005,5920775.0053
Monza,,45.58599700022301,9.268004000448968,1031709.4860000014,5714251.3549000025
Schaffhausen,,47.735484999952554,8.58613699980878,955804.3986999989,6062961.240500003
Konstanz,,47.652000999728564,9.174998000096085,1021356.1053999998,6049154.240099996
Bolzano,,46.45999600006595,11.32699700038684,1260915.5383000001,5854372.831699997
Bonn,,50.7349959998358,7.100003000083421,790368.7186000012,6574550.779600002
Salzwedel,,52.854999999952895,11.153999000101665,1241657.489,6956221.753600001
Hannover,,52.46199700013837,9.6850010004281,1078129.3797000013,6884095.410700001
Höxter, ,51.77899600017664,9.378002000015252,1043954.4072999991,6760263.318000004
Göttingen, ,51.53599600002824,9.929000000122063,1105291.2241000012,6716658.513999999
Nordhausen,,51.49799800019214,10.79399899997212,1201582.4723000005,6709861.0889
Fritzlar,,51.11500300003681,9.288001999758285,1033935.6530999988,6641661.688699998
Arnstadt,,50.84199700017961,10.954001000278378,1219393.8134999983,6593392.2676
Koblenz,,50.37299800016331,7.585003999596284,844358.7829000019,6511124.870800003
Offenburg,,48.45100299978567,7.9249970001956624,882206.6306000017,6182216.337800004
Freiburg in Breisgau,,47.991004000048065,7.844996000042516,873300.9600000009,6105358.351499997
Meiningen,,50.57199699975114,10.412003000017629,1159058.8720999993,6545931.316200003
Wetzlar,,50.552997999859556,8.508997999811488,947217.3244999982,6542601.9103000015
Coburg,,50.26399899980477,10.961002999608846,1220173.272500001,6492121.969999999
Heidelberg,,49.41099699990819,8.688998000325428,967254.8328999989,6344888.916000001
Heilbronn,,49.14199600022462,9.218998999966793,1026254.2743000016,6298989.579599999
Pforzheim,,48.892003000269725,8.701004000267366,968591.3346999995,6256556.3904
Esslingen am Neckar, ,48.73800399981866,9.329995999790874,1038610.4037999995,6230522.515600003
Tübingen, ,48.52099600028386,9.055999999785444,1008109.308600001,6193971.846500002
Reutlingen,,48.48399699974665,9.208000999605172,1025029.9825000018,6187755.745700002
Nördlingen, ,48.852997000114875,10.488998000074865,1167629.9162999988,6249954.770999998
Lindau,,47.57599599988723,9.689995999920422,1078685.420499999,6036603.335900001
Hof,,50.28999999991488,11.855998999770375,1319803.7714999989,6496651.032799996
Ingolstadt,,48.77400399977319,11.43299899982027,1272715.6268999986,6236601.239
Landshut,,48.54300100004479,12.150002000204307,1352532.0357999988,6197670.999700002
Wels,,48.15799900016754,14.016997999907154,1560365.0797999986,6133180.605800003
Linz,,48.234004000014544,14.188996999934531,1579511.9208999984,6145873.430399999
Wolfsberg,,46.84900300000819,14.852000000344072,1653317.077300001,5917462.251900002
Rostock,,54.09500200010751,12.087002000383784,1345518.9079000019,7188169.105899997
Greifswald,,54.089998000020366,13.391003000258738,1490679.6352000013,7187219.296400003
Wismar,,53.89399599999409,11.460997999616183,1275832.4613000005,7150105.911899999
Neubrandenburg,,53.558998000061216,13.27799899969821,1478100.0874000005,7087074.2853000015
Parchim,,53.424996999995976,11.84400200004929,1318468.2716000006,7062001.063000001
Kyritz,,52.90899999997917,12.429001999922946,1383590.173700001,6966183.0901999995
Stendal,,52.604997999802634,11.851004000278055,1319247.7307000011,6910264.870099999
Berlin,,52.524799000161096,13.392820999950931,1490882.0139999986,6895577.804700002
Zerbst,,51.99299800000976,12.114001999921866,1348524.5340999998,6798859.501999997
Wittenberg,,51.873000999996066,12.623996000033028,1405296.806499999,6777194.899899997
Aschersleben,,51.75699999984029,11.476001000331477,1277502.5876999982,6756306.6329
Halle Saale,,51.479997999807175,11.969003000330902,1332383.3192999996,6706643.064400002
Leipzig,,51.34900300008734,12.397997000031156,1380138.7129000016,6683262.054899998
Zeitz,,51.05200299984351,12.13599799974681,1350973.1176000014,6630497.611500002
Altenburg,GHW G3,51.00199899992643,12.442997000159624,1385148.0899999999,6621647.330300003
Zwickau,,50.70300100001021,12.47699899992647,1388933.1752999984,6568925.237199999
Torgau,,51.558000999952725,12.995002999846717,1446597.116799999,6720597.561899997
Dresden,,51.13899699995187,13.769003000080339,1532758.4026999995,6645917.609499998
Freiberg,,50.916004000062,13.343996000292123,1485446.8398999982,6606449.230499998
Frankfurt an der Oder, ,52.34200000024909,14.53799899970246,1618362.6457999982,6862201.242799997
Cottbus,,51.76300300025797,14.33600300026194,1595876.5540000014,6757386.273500003
Zittau,,50.89900299999005,14.812003999928741,1648864.742899999,6603447.929799996
Dordrecht,,51.79399899999015,4.679003000177888,520864.2314000018,6762963.194600001
Mechelen,,51.027001000079196,4.477996999875983,498488.3458000012,6626071.277500004
Leuven,,50.87799700007728,4.703995999877856,523646.43939999864,6599741.112599999
Brussels,,50.837002000102814,4.367999000309664,486243.42449999973,6592511.752400003
Nivelles,,50.68577500011017,4.548583999906278,506346.05469999835,6565898.0537
Kampen,,52.55500299986981,5.9130020000035195,658232.3717,6901105.995200001
Harderwijk,,52.351000000082735,5.6320039997693225,626951.817400001,6863841.282899998
Deventer,,52.26399700023945,6.160996999830335,685839.048799999,6848000.979199998
Maastricht,,50.91099999984476,5.773997000162706,642758.4059000015,6605565.726899996
Tavira,,37.12399900024559,-7.653003999830336,-851928.5082999989,4456404.771200001
Jerez,,36.69399700004795,-6.132003999799538,-682611.5628000014,4396539.313299999
Algeciras,,36.13399899987863,-5.452999000213535,-607025.0720000006,4319075.1272
Manacor,,39.56499699968415,3.204001999635023,356667.87110000104,4802928.730499998
Sezimbra,,38.44699899997488,-9.098998000098673,-1012895.8240999989,4642765.657200001
Estremoz,,38.84000199988742,-7.584001000038844,-844247.1295000017,4698779.075999998
Évora, ,38.65209999965244,-7.929646000081576,-882724.1548999995,4671959.694499999
Beja,,37.89017800028962,-7.793259999824043,-867541.7347999997,4563923.243000001
Leiria,,39.70730499985391,-8.856925000051982,-985948.381000001,4823499.357000001
Guimaraes, ,41.434999000167544,-8.29200399967852,-923061.6629000008,5076717.202799998
Lamego,,41.0970039996907,-7.801000000194688,-868403.3476999998,5026660.2776999995
Guarda,,40.52781699969032,-7.267020999963845,-808961.0773000009,4942942.284999996
Covilha,,40.28199999969627,-7.504999000143496,-835452.6671000011,4907006.771600001
Tomar,,39.59500299989005,-8.405998000275993,-935751.4169999994,4807262.580300003
Saumur,,47.26799799986131,-0.06900100014168664,-7681.156199999154,5985928.405000001
Parthenay,,46.64599899995177,-0.24399700004415525,-27161.62180000171,5884482.313600004
Saint Maxient-L'ecole, ,46.41000100019935,-0.2049999998866231,-22820.495600000024,5846297.376500003
Niort,,46.322998000118716,-0.4530039999342911,-50428.174600001425,5832261.823899999
Cognac,,45.688003000305436,-0.32100100032220913,-35733.66789999977,5730491.674199998
Pons,,45.579004000015516,-0.5430040001912605,-60446.92880000174,5713139.084899999
Barbezieux,,45.47300199988358,-0.15199900016989046,-16920.45129999891,5696295.895900004
Lesparre-Medoc,,45.307996000212924,-0.9289960002785712,-103415.36169999838,5670140.180699997
Libourne,,44.92200400025776,-0.2400009999112673,-26716.789099998772,5609250.958499998
Bazas,,44.437003000049664,-0.2120020001153886,-23599.954700000584,5533320.3478000015
Mont-de-Marsan,,43.893996999787376,-0.505996000328468,-56327.217099998146,5449052.6022000015
Oloron,,43.18999899971583,-0.6150039998578444,-68461.93210000172,5340936.492299996
Sarlat,,44.88800200006383,1.2179990002989751,135587.02849999815,5603906.8923999965
Bergerac,,44.86000300014173,0.4840039998032031,53879.07880000025,5599508.684100002
Gourdon,,44.74200400021631,1.378000999706969,153398.36960000172,5580996.331100002
Figeac,,44.61099999994577,2.0279989999167407,225755.81599999964,5560487.884499997
Marmande,,44.50399900015284,0.15400099998512748,17143.31289999932,5543771.363200001
Casteljaloux,,44.31599800007473,0.08200100031854361,9128.309599999338,5514474.5392
Nérac, ,44.13799600015659,0.33699800037412436,37514.44579999894,5486822.275899999
Montauban,,44.020996000066134,1.3410020000650296,149279.6598000005,5468691.937799998
Condom,,43.96200100005157,0.37100000014100576,41299.531100001186,5459563.632399999
Lectoure,,43.93899699982495,0.6230000003215282,69352.0428000018,5456006.676600002
Lavaur,,43.7010010000741,1.8119990000186923,201710.80600000173,5419287.390500002
L'Isle-Jourdain, ,43.6139979997202,1.0790029997806831,120114.06450000033,5405900.510399997
Castres,,43.603999000049036,2.2320020000937038,248465.32609999925,5404363.237099998
Mirande,,43.52000200013453,0.39999800019468074,44527.5736999996,5391459.386
Castelnaudary,,43.32000399988278,1.9569979996096227,217852.0207999982,5360807.256200001
Pamiers,,43.11400299998988,1.6159970003282575,179891.96319999918,5329340.3957
Limoux,,43.052001999810386,2.2120039998860563,246239.15890000015,5319890.434100002
Tarascon,,42.84600100022061,1.600003999575987,178111.63049999997,5288560.927100003
Crest,,44.7340029998493,5.017996999621138,558600.8707999997,5579742.457800001
Aubenas,,44.62399600009861,4.379996000030783,487578.92440000176,5562520.315800004
Marvejols,,44.55400299997675,3.287998999921023,366018.374400001,5551579.547799997
Ales,,44.131002999774104,4.076002999713846,453738.57840000093,5485737.631200001
Millau,,44.10400300017418,3.0760040003766482,342419.19900000095,5481551.018799998
Apt,,43.87699599983782,5.392001000208215,600234.8057000004,5446426.720700003
Beaucaire,,43.81500400028553,4.63300399979159,515743.64609999955,5436858.1162
Sommieres,,43.79100100026076,4.075004000354347,453627.37029999867,5433155.867200002
Arles,,43.689004000046125,4.6250030002033595,514852.97890000045,5417440.295999996
Lunel,,43.68300100003323,4.129004000328876,459638.6228,5416516.194600001
Salon-de-Provence, ,43.66400199970844,5.254003999947687,584873.049899999,5413592.099100001
Agde,,43.32200200003002,3.4640030003020734,385611.0500999987,5361112.974200003
Gap,,44.567998000210466,6.075001999927073,676266.1292000003,5553766.0852999985
Sisteron,,44.202003999911376,5.932000999953371,660347.3306999989,5496756.1696000025
Manosque,,43.838998000204796,5.777003000258583,643093.0322999991,5440560.464599997
Grasse,,43.658998000069204,6.916997000371903,769996.5839000009,5412822.098200001
Draguignan,,43.54199800003254,6.4610030002352365,719235.5639999993,5394836.734099999
Hyères, ,43.12300299987899,6.1229989999306325,681609.1308000013,5330712.937600002
Calvi,,42.5719959997127,8.748002000013129,973823.1281000003,5247050.529200003
Douai,,50.368003000230686,3.079999999611172,342864.0315999985,6510253.088299997
Abbeville,,50.110999000015696,1.839997999814571,204827.64039999992,6465521.149700001
Compiègne,,49.40800000013365,2.818999999584622,313809.64449999854,6344376.159000002
Bernay,,49.093998999847884,0.6049999997311428,67348.29190000147,6290826.134499997
Mantes-la-Jolie, ,48.98599900018883,1.7069959999447262,190021.92550000176,6272486.051100001
Meaux,,48.9580000000142,2.89000099989174,321713.4397,6267737.875200003
Châteaudun,,48.07222222982751,1.3378702394225968,148931.03379999846,6118878.461900003
Châtillon-sur-Seine,,47.862997000211976,4.567997000132952,508507.1000000015,6084092.6065
Vendôme,,47.79700000015555,1.0669969998387447,118777.56269999966,6073149.068999998
Blois,,47.58800199981894,1.3269979996074985,147720.74159999937,6038584.7053999975
Loudun,,47.01300100010551,0.08599699955310106,9573.142200000584,5944196.424800001
Issoudun,,46.943997999910614,2.000999000378658,222750.18980000168,5932937.906400003
Châtellerault,,46.812003999920705,0.543998000426179,60557.58040000126,5911442.1445999965
Châteauroux,,46.806001000293314,1.7039990000696346,189688.30099999905,5910465.787100002
Mirebeau,,46.78700200009763,0.1839980002966321,20482.563700001687,5907376.413800001
Saint-Junien,,45.8860030000806,0.9000020004228713,100187.76440000162,5762099.9023
Nontron,,45.5290000000966,0.6629959998384928,73804.3770999983,5705189.743900001
Montignac,,45.068002000261,1.161001999551091,129242.15139999986,5632233.369900003
Gray,,47.445999999703425,5.58499699980274,621719.0221000016,6015178.911499999
Beaune,,47.03000199989237,4.83200300025538,537896.113499999,5946972.538099997
Lons-le-Saunier, ,46.674997000099445,5.543002999770149,617044.2714000009,5889185.721600004
Saint-Pourcain-sur-Sioule, ,46.3100020001676,3.290995999796081,366351.9989,5830167.192100003
Riom,,45.89500300025164,3.1070000000476186,345869.65790000185,5763539.312700003
Montbrison,,45.61099900008559,4.058003000021757,451734.82759999856,5718229.175800003
Brioude,,45.29599900023986,3.38099600005305,376370.7531000003,5668241.464400001
Villefranche,,45.98500299994594,4.71700100007759,525094.1493999995,5777946.266099997
Romans,,45.068002000261,4.838996000263326,538674.570700001,5632233.369900003
Salins-les-Bains,,46.93399900022428,5.873995999625168,653890.2435999997,5931307.675499998
Chambéry, ,45.571002999808975,5.909995999907609,657897.7452999987,5711866.6576000005
Vivero,,43.66600000000466,-7.584001000038844,-844247.1295000017,5413899.563500002
Avilés, ,43.55465175496418,-5.917091547096814,-658687.6180000007,5396780.197300002
Ribadeo,,43.53900099990284,-7.039995999939983,-783688.7699000016,5394376.490999997
Cangas de Narcea, ,43.18099899990547,-6.543997000065499,-728474.4138000011,5339562.445
Lugo,,43.01700099990458,-7.558999000117989,-841463.9195999987,5314559.930600002
Benavente,,42.00800199987278,-5.671995999986676,-631403.7065000013,5162178.180200003
Ciudad Rodrigo,,40.60500100016962,-6.53200000034438,-727138.9138999991,4954252.8288
Bejar,,40.39000000023713,-5.756001999595164,-640755.2115999982,4922778.924400002
Plascencia,,40.03199799976874,-6.084996999832922,-677378.7674999982,4870593.231700003
Castro,,43.20199599985619,-4.598997999826768,-511958.1154999994,5342768.4125000015
Miranda de Ebro,,42.69300100019321,-2.946004000404706,-327947.66519999877,5265359.5995000005
Belorado,,42.42399999988059,-3.192000999715962,-355331.9259000011,5224705.716300003
Sahagun,,42.3739959999034,-5.0260030001305775,-559492.0947000012,5217167.912600003
Carrion de los Condes, ,42.34399900025361,-4.597000000209506,-511735.6992000006,5212648.9243
Mayorga,,42.16200100030622,-5.264998000111365,-586096.8964000009,5185277.383199997
Santa Domingo de Silos,,41.96599900017449,-3.4179999997178343,-380490.01949999854,5155887.619099997
Villalpando,,41.8699959998692,-5.40899800034283,-602126.9030999988,5141525.3244
Penafiel, ,41.6040009998652,-4.11800199976928,-458413.8856999986,5101844.057599999
Ayllon,,41.425999000051036,-3.3700029997143086,-375147.01790000126,5075380.939400002
Cuéllar, ,41.39999799988144,-4.309999000004338,-479786.89400000125,5071521.514600001
Olmeda,,41.29299700003519,-4.678998999979912,-520863.78610000014,5055655.186300002
Arévalo, ,41.063002000165305,-4.714000000004557,-524760.0795999989,5021638.890500002
Segovia,,40.93399599966167,-4.107004000305991,-457189.5940000005,5002610.9580999985
Guadalajara,,40.63100200009377,-3.162004000302788,-351992.6752000004,4958065.955799997
Estella,,42.6830019998371,-2.032000000072473,-226201.20529999956,5263845.316600002
Sanguesa,,42.57799899975512,-1.2799959996637935,-142488.50290000066,5247957.994999997
Huesca,,42.13699899995774,-0.41100099968084797,-45752.42199999839,5181523.372299999
Tudela,,42.06799599970363,-1.6039960004091969,-178556.01799999923,5171170.363200001
Tarazona,,41.90299900008682,-1.7220039997845673,-191692.6083999984,5146460.221299998
Borja,,41.837001999965786,-1.5279999997114282,-170096.18189999834,5136594.319399998
Sarinena,,41.79599799973561,-0.15900100039865595,-17699.91039999947,5130469.7487
Soria,,41.76400300003743,-2.4579969998976345,-273622.9743999988,5125693.530299999
Almazan, ,41.48999799998844,-2.5289980002047523,-281526.76960000023,5084887.137400001
Calatayud,,41.35399899969304,-1.6340020000431903,-181896.27059999853,5064697.492700003
Daroca,,41.12199700003403,-1.4070039997835218,-156626.96880000085,5030352.880999997
Morella,,40.624998999989984,-0.10200399965077182,-11355.033300001174,4957185.465499997
Teruel,,40.3420029999681,-1.1040010004018592,-122896.82919999957,4915766.399899997
Huete,,40.14600100013936,-2.6880010002532475,-299226.90260000154,4887181.4848000035
Castellon De La Plana,,39.96400300022944,-0.2609980003767445,-29054.164500001818,4860712.671599999
Ciudad Real,,38.977999000013426,-3.9270039997920523,-437152.0855999999,4718520.607900001
Ubeda,,38.01699699965874,-3.3739989998471627,-375591.85060000047,4581827.1972
Játiva,,38.99300200006099,-0.5229969997627602,-58219.759700000286,4720669.218699999
Albacete,,38.98799799969171,-1.8629979999201542,-207387.9886999987,4719952.5348000005
Berga,,42.105003999864685,1.8430039999104821,205162.26680000126,5176721.534699999
Barbastro,,42.03799900012551,0.12299600009333773,13691.852099999785,5166673.210600004
Monzón, ,41.909001999932144,0.1929980001426596,21484.439100001007,5147358.116400003
Cervera,,41.67300399994421,1.272997999633003,141709.48910000175,5112122.189499997
Montblanc,,41.38700200028995,1.162000999808887,129353.35960000008,5069593.049000002
Villafranca Del Panades,,41.35100199994017,1.6939999999658106,188575.2173999995,5064253.0506
Puigcerda,,42.43599700012942,1.9299980000715402,214846.39460000023,5226515.086300001
Seret,,47.94750999994928,26.06829799993433,2901909.6592000015,6098126.807400003
Ramieniec-Podolsk,,48.675476000095166,26.573485999800727,2958146.9301000014,6219974.786899999
Saint-Antonin,,43.72308300014368,0.8156739997007335,90800.41429999843,5422688.168700002
Mirepoix,,43.0864869999381,1.8760990003793692,208846.38540000096,5325145.329000004
Rieux,,43.257080000006866,1.199279999833284,133503.23889999837,5351184.2676
Rabastens,,43.823119999942705,1.7250979997440419,192037.03090000153,5438110.273500003
Saint-Chély-d'Apcher, ,44.80133099980536,3.275512999580047,364628.439199999,5590299.155000001
Villefranche-de-Rouergue,,44.351318000266524,2.036925999967838,226749.5650999993,5519971.3961
Ganges,,43.93609600005344,3.7094730002569514,412936.64550000057,5455558.2119999975
Azille,,43.277892999901724,2.6585079997319023,295943.7567999996,5354366.105099998
Campobasso,,41.560120000192846,14.664917000308819,1632491.0929999985,5095313.613600001
Velletri,,41.69128400023561,12.7780759996609,1422448.9136000015,5114846.876800001
Monteleone di Spoleto,,42.65191700011049,12.953307999564895,1441955.6506000012,5259139.2535
Atri,,42.58032199996845,13.98107899981556,1556366.5949999988,5248309.183399998
Norcia,,42.79431199980197,13.09649699985955,1457895.3772,5280716.256399997
Jesi,,43.52252199973747,13.24352999995112,1474263.015900001,5391846.253700003
Camerino,,43.140503000227106,13.068908999967388,1454824.2950999998,5333382.3473000005
Assisi,,43.070312999773854,12.617492999571544,1404572.8957999982,5322680.3336
Chiusi,,43.0170900001192,11.948486000264495,1330099.3773000017,5314573.4811
Haguenau,,48.820496000132515,7.791504000056122,867346.2578000017,6244458.025700003
Neuburg am Rhein,,48.98651100006008,8.252075000108674,918616.7870000005,6272572.902800001
Sélestat, ,48.25970500025818,7.4561159998600575,830011.0364000015,6150169.758900002
Neuenburg,,47.81372099971667,7.558716000260791,841432.4162000008,6075920.407700002
Thann,,47.812317000278895,7.099486999699371,790311.2776999995,6075687.674500003
Rouffach,,47.957091999909174,7.2994999995912595,812576.6229999997,6099719.4388
Villingen,,48.05548100007556,8.460082999741013,941772.1316,6116089.864600003
Celje,,46.23107900024652,15.260314999596158,1698770.495099999,5817457.435900003
Koprivnica,,46.16272000022909,16.832091999770622,1873739.9103999995,5806463.668399997
Székesfehérvár, ,47.1887209998008,18.413878999919568,2049823.6338,5972932.729999997
Szemenye,,47.10192900002994,16.91491700044477,1882959.9472999983,5958727.3785
Potenza,,40.63732900021702,15.802307000009124,1759104.7685999982,4958994.054499999
Zemun,,44.8361210001854,20.411498999933414,2272197.6750000007,5595758.8825
Cerevic,,45.211914000255526,19.67388899996957,2190087.305399999,5654944.932800002
Vrbas,,45.57171600013037,19.63928200013024,2186234.8718000017,5711980.041199997
Tordinci,,45.369872999959114,18.79528800024321,2092281.8894999996,5679939.589100003
Ilok,,45.22210700004939,19.379088999842526,2157270.3194999993,5656555.7245000005
Otok,,45.15008500021945,18.883484000153356,2102099.8233000003,5645180.325300001
Bijeljina,,44.76232899973997,19.207274999763094,2138144.0725000016,5584182.335100003
Modrica,,44.95672599998123,18.298522999739454,2036982.262600001,5614711.451300003
Podnovlje,,44.93792700016266,18.1414789998485,2019500.204500001,5611754.6504999995
Bukovica,,45.284912000222334,17.437683000228848,1941153.9921999983,5666487.1272
Usora,,44.71887200011807,18.083922999957164,2013093.0998999998,5577371.683899999
Dakovo,,45.30810500003711,18.408080999988023,2049178.203400001,5670157.433499999
Kovin,,44.75109899999792,20.987488000090387,2336316.4772000015,5582421.860799998
Korczyna,,49.712280000235154,21.25207499999588,2365770.167300001,6396596.1054000035
Lwów, ,49.83007800017185,24.00012199985229,2671681.3599999994,6416900.182800002
Szatmar, ,47.798095999929195,22.88952599982577,2548050.378800001,6073330.692699999
Spiš, ,48.94390899986594,20.57012899971298,2289856.285799999,6265349.278499998
Szécsény, ,48.081116000178845,19.51971399990719,2172924.6229000017,6120360.271899998
Eger,,47.90332000018877,20.373107999673305,2267924.0084000006,6090785.772399999
Sarospatak, ,48.31909200012774,21.566284000151594,2400747.7531999983,6160105.503799997
Szeged,,46.253295999702814,20.14550799971416,2242587.6922999993,5821033.4102
Našice, ,45.49072299992307,18.093079000337138,2014112.3412000015,5699109.466300003
Baç, ,48.004272000025026,17.377686000131163,1934475.1567000002,6107565.572899997
Ptuj,,46.42010500009208,15.870117000272417,1766653.3432999998,5847928.830499999
Ljubovija,,44.19732700027402,19.391907000444508,2158697.2128,5496029.944799997
Bosanska Krupa,,44.88268999975613,16.16308600028844,1799266.5031999983,5603072.2951000035
Kostajnica,,45.22509800025145,16.55468799998638,1842859.4384000003,5657028.444700003
Modrus,,45.12872300027203,15.241088999865598,1696630.2666000016,5641809.1032000035
Pag,,44.4464720001867,15.05511499969299,1675927.7355999984,5534796.733199999
Rab,,44.754700000070706,14.761902000177818,1643287.4138000011,5582986.3354
Cres,,44.96008300005079,14.409485000060068,1604056.5328000002,5615239.559
Pula,,44.869689999756524,13.841124999945661,1540786.9869999997,5601030.1193
Krk,,45.02630599974626,14.573485999973954,1622313.0406000018,5625663.7786
Pirano,,45.5333249997037,13.566711000363796,1510239.3603000008,5705877.027500004
Muggia,,45.60430900025857,13.767516999750821,1532592.981899999,5717164.622400001
Capo d'Istria, ,45.546691999720835,13.730713000102584,1528495.9794000015,5708001.505199999
Lasva,,44.13610799982981,17.92907699970002,1995855.7219999991,5486529.426200002
Greben,,45.757506999724264,15.248717999908132,1697479.5229999982,5741574.338299997
Krbava,,44.61309799989823,15.671508999620869,1744544.4017999992,5560815.957800001
Pasman, ,43.95611600026568,15.387328999563668,1712909.628899999,5458653.5429000035
Glamoc,,44.04730199989741,16.85107400000207,1875852.9770000018,5472765.197099999
Skradin,,43.8178709996962,15.923096000247833,1772550.9386,5437300.424800001
Šibenik, ,43.733704000236706,15.89587400005356,1769520.5993999988,5424324.321400002
Olovo,,44.12890600021151,18.60491899972959,2071090.1092999987,5485412.402500004
Herceg Novi,,42.455505000117874,18.536681999669078,2063494.0012000017,5229457.994000003
Cetinje,,42.390930000080665,18.914124000172162,2105510.6525,5219719.939199999
Shkoder,,42.25128199978624,19.77349900016793,2201175.839899998,5198694.906400003
Hainberg,,48.13732900026671,15.410522000013112,1715491.4618999995,6129731.9717999995
Stein,,48.51470899990658,13.951720999911782,1553098.4774000011,6192915.264700003
Laa an der Thaya,,48.72112999976354,16.385680999811182,1824045.6651999988,6227674.781300001
Valtice,,48.744872999945144,16.757080000160347,1865389.6127999984,6231682.0336000025
Znojmo,,48.85589600014202,16.048889000199683,1786554.1512999982,6250445.238899998
Glogówek, ,50.35247800017242,17.864928999658765,1988714.7993,6507544.079700001
Laurino,,40.33899700000769,15.332996000401558,1706861.3071000017,4915327.379199997
Olomouc,,49.595519999952984,17.25189200035438,1920471.8326999992,6376519.479199998
Unicov,,49.771301000077024,17.12127700026423,1905931.8374000005,6406763.004000001
Opava,,49.93890400012411,17.902527000423706,1992900.1895999983,6435701.805399999
Vysoke Myto,,49.95312500014757,16.16290299999037,1799246.1317000017,6438161.870800003
Benešov, ,49.78149399984543,14.686707000269434,1634916.7446999997,6408520.0933
Wodzislaw Slaski, ,50.00354166558106,18.466359016297385,2055665.682500001,6446889.217699997
Nysa,,50.48107900012985,17.33550999962537,1929780.1457999982,6530010.883299999
Opole,,50.67047099988422,17.9244999997841,1995346.2126999982,6563209.561899997
Brzeg,,50.86071799993869,17.467712000327392,1944496.8051999994,6596693.231600001
Namyslów, ,51.07372999991776,17.722290000083337,1972836.2985000014,6634346.0832
Wroclaw,,51.107910000139526,17.03851299968942,1896718.5909999982,6640403.995499998
Krnov,,50.089478000095596,17.704528999867552,1970859.1530000009,6461786.298799999
Hradec Králové, ,50.20947300021908,15.832702999630488,1762488.435800001,6482632.216499999
Klodzko,,50.43469199974213,16.66149899970682,1854749.5844999999,6521899.964299999
Strzelin,,50.781310999878826,17.064697000166177,1899633.3806000017,6582700.957500003
Lwowek Slaski,,51.109313999991855,15.581481999599738,1734522.642000001,6640652.93
Legnica,,51.20709200009461,16.155273000122865,1798396.7639999986,6658007.9772000015
Boleslawiec,,51.265929999828664,15.56567399969368,1732762.9034999982,6668469.155100003
Grodek, ,50.80183408714112,23.948340322996568,2665917.0500999987,6586315.0427
Zagan,,51.6179200000501,15.324890000332992,1705958.951299999,6731333.1489999965
Glogów, ,51.66369599989758,16.084717000054706,1790542.506000001,6739544.312700003
Krosno,,52.059325999813055,15.102294999911955,1681179.7892000005,6810859.472400002
Radomsko,,51.066894999826644,19.44488499969669,2164594.6966999993,6633135.214900002
Kalisz,,51.767272999875615,18.0853270002709,2013249.3924999982,6758154.321000002
Görlitz, ,51.15307599972593,14.975280999944447,1667040.6554000005,6648415.893100001
Löbau, ,51.097107000073684,14.66570999980399,1632579.3693000004,6638488.835500002
Ziebice,,50.60070799974551,17.04327399972835,1897248.5830999985,6550965.2124999985
Litomerice,,50.53387499999994,14.131103999759345,1573067.3016000018,6539252.129199997
Novy Bydzov, ,50.24151599998283,15.491272000178796,1724480.5108000003,6488207.693599999
Tynec, ,48.77929699996684,17.009521000381852,1893491.2164000012,6237495.3477
Hersfeld,,50.86908000010041,9.707275000087364,1080608.9100000001,6598168.082199998
Grünberg, ,50.59252899981654,8.958312999759578,997234.8414999992,6549530.876699999
Oppenheim,,49.85571300008805,8.357726999737755,930377.9138000011,6421325.2698
Andernach,,50.43926999996474,7.406127999911919,824446.3977000006,6522700.089000002
Oberwesel,,50.10748300000534,7.7266849998201055,860130.6396999992,6464910.852600001
Kleve,,51.784912000214824,6.130675999653773,682463.7305000015,6761327.8292
's-Hertogenbosch,,51.68927000017541,5.304320999783793,590474.3126999997,6744135.3138
Sint-Truiden,,50.815491000184835,5.186706999695406,577381.5821000002,6588720.884499997
Neuss,,51.19848600023763,6.695313000345097,745318.8339000009,6656478.983099997
Zary,,51.642089999895724,15.13708500004943,1685052.5943000019,6735667.6592999995
Oborniki,,52.64508099977392,16.81408700005569,1871735.6030000001,6917615.4619999975
Pyrzyce,,53.14611800011869,14.892517000267965,1657827.4090999998,7010071.6635000035
Choszczno,,53.16949499984156,15.419921999892235,1716537.8651,7014411.655000001
Drawsko Pomorskie,,53.531676999794975,15.813903999697152,1760395.740699999,7081955.7579
Lelów, ,50.683716000100866,19.625305000335203,2184678.9593,6565536.292999998
Stary Sacz,,49.56451399973648,20.63287400016373,2296841.0273,6371196.145300001
Sroda Slaska,,51.1643070002399,16.592711999825376,1847092.2507000007,6650409.352899998
Bytom,,50.34851099989094,18.915710000060805,2105687.2052000016,6506852.006800003
Cracow,,50.06469699972807,19.945129000124385,2220281.6041,6457487.769699998
Zawichost,,50.80767799990476,21.846313000265262,2431920.4389000013,6587344.437399998
Horyniec,,50.19708299980337,23.376282000179952,2602235.8088999987,6480477.362000003
Srem,,52.088683999819274,17.0153200001383,1894136.7580999993,6816176.570299998
Wloclawek,,52.64831499994232,19.067688000314284,2122605.3187999986,6918208.8204
Radziejow,,52.62487800006678,18.523682000390515,2062046.8478999995,6913909.7080999985
Torun,,53.01391600005894,18.598510999702686,2070376.7740000002,6985572.418700002
Chelmno,,53.34887700026061,18.436278999975546,2052317.1904000007,7047793.265699998
Nowe,,53.6491090001712,18.727112000282034,2084692.571899999,7103979.8445999995
Braniewo,,54.37970000010012,19.820128999667673,2206366.6677,7242397.4287
Pécs, ,46.071289000165685,18.233275999881283,2029718.9998000003,5791780.701399997
Pozega, ,45.331116000220305,17.677124000273498,1967808.442400001,5673800.422700003
Bistrita,,47.133727999985815,24.4931029999353,2726559.753899999,5963929.267700002
Oradea,,47.06091300002063,21.927672999627976,2440977.3926,5952022.298199996
Targu Mures, ,46.53631600016395,24.555907999762187,2733551.1744999997,5866714.7522
Sibiu,,45.96850599968956,24.286682000016505,2703581.0733000003,5775303.720200002
Armenis,,45.20007299985638,20.316710999873322,2261645.9230999984,5653074.0713
Caransebes,,45.40911900026512,22.225890999579587,2474174.8685000017,5686160.502099998
Orsova,,44.714293999809826,22.408081000229714,2494456.1666,5576654.510200001
Turnu-severin,,44.63031000016854,22.652100000015153,2521620.237399999,5563507.9201000035
Kolomyia,,48.551086000013825,25.02850300019835,2786160.2093,6199030.5336000025
Sniatyn,,48.4484860002894,25.56292699976982,2845652.0168000013,6181793.903099999
Chernovtsy,,48.252685999875254,25.976074000104262,2891643.330499999,6148996.207699999
Khotin,,50.95007300013489,26.850097999914734,2988939.2371000014,6612466.9617
Halicz,,49.08911099985493,22.735900999584253,2530948.9219999984,6289995.2146999985
Senj,,44.99072299984052,14.902282999844969,1658914.5551999994,5620061.130599998
Zadar,,44.113891999708294,15.22692899977245,1695053.9825999998,5483084.182300001
Visoko,,46.09008799993646,16.32830800021799,1817658.9321000017,5794797.656999998
Imotski,,43.44787599993765,17.21588100020128,1916463.1064999998,5380393.519199997
Bar,,42.1055300002498,19.088073999961164,2124874.6779000014,5176800.457699999
Ulcinj,,41.92968799979981,19.22430399968475,2140039.7320999987,5150452.859399997
Durres,,41.18090800001077,19.680297999821416,2190800.7520000003,5039062.284100004
Ludbreg,,46.25390599970412,16.615111999881353,1849585.8073000014,5821131.614200003
Zagreb,,45.81512499979575,15.978516000429634,1778720.264800001,5750772.206299998
Virovitica,,45.833496000281386,17.383910999859964,1935168.1204999983,5753706.867399998
Szombathely,,47.235290999735874,16.621887000329377,1850339.9968999997,5980564.474799998
Esztergom,,47.793273999984,18.74188199957221,2086336.7606999986,6072531.643200003
Sopron,,47.684874999742505,16.58313000037138,1846025.5874000005,6054588.4683
Gyor,,47.68408200011419,17.635070999791346,1963127.1237999983,6054457.3413999975
Bratislava,,48.153231914032126,17.119861312868625,1905774.2437999994,6132385.130099997
Nitra,,48.31292699970349,18.086120999590975,2013337.7800999992,6159073.5304000005
Trencin, ,48.89392100008902,18.037902999654488,2007970.1768999994,6256881.137500003
Brno,,49.191101000164444,16.61151099975868,1849184.945799999,6307349.662299998
Caslav,,49.91027799997695,15.392089999602597,1713439.6209999993,6430752.045699999
Pilsen,,49.7474979997307,13.377685999889474,1489197.193500001,6402661.2346
Bechyne,,49.294921999872216,14.468323000066398,1610606.3489999995,6325052.455600001
Stribro, ,49.75390600028805,13.000671000081937,1447228.0757,6403765.273000002
Prague,,50.087891000052764,14.420470999827794,1605279.4886999987,6461510.950099997
Zatec, ,50.31750499998142,13.53790300028091,1507032.4684000015,6501444.768799998
Gryfice,,53.916687000217756,15.199889999876282,1692044.014899999,7154393.571900003
Szczecin,,53.42852800011936,14.552917000028964,1620023.3099999987,7062660.7412
Jihlava,,49.3955080000792,15.59088099965392,1735568.9338999987,6342239.238499999
Venzolasca,,42.484680000166406,9.452514999858249,1052249.1565000005,5233860.942299999
Biguglia,,42.62750199983925,9.422912999556958,1048953.8768999986,5255444.633100003
L'Alesani, ,42.32427999983442,9.398682000288291,1046256.4943999983,5209679.4706000015
Lautrec,,43.70532200011625,2.136107999645709,237790.45479999855,5419952.7553
Saint-Affrique, ,43.958678999814545,2.8854979995956875,321212.16800000146,5459049.888499998
Penne,,44.07727100029185,1.7285159995685735,192417.5208999999,5477407.845700003
Étampes, ,48.43707300024325,2.163329999839985,240820.79399999976,6179878.691699997
Verneuil-sur-Avre,,48.73608400022731,0.929076999571121,103424.37849999964,6230198.439400002
Pontoise,,49.0488889999106,2.0930790002686392,233000.48849999905,6283160.909400001
Vernon,,49.09051499997736,1.4843140003833244,165233.07869999856,6290233.874799997
Roye,,49.69873000016494,2.79388399986098,311013.7441999987,6394263.740099996
Noyon,,49.58252000015766,3.0032959998070865,334325.3814000003,6374287.133599997
Brive-la-Gaillarde,,45.158691000255686,1.5327149997196217,170621.05330000073,5646538.829400003
Donzenac,,45.22729499979362,1.5228880000432472,169527.11670000106,5657375.690899998
Annonay,,45.24047900025191,4.668517999827246,519697.0465000011,5659459.7667
Medina de Pomar,,42.94128400020404,-3.477477999956793,-387111.0802000016,5303038.939099997
Castrojeriz, ,42.28967300026282,-4.140625000306354,-460932.2666000016,5204470.305299997
Atienza,,41.19750999973656,-2.870910999705287,-319588.35060000047,5041518.138599999
Logrono, ,42.46588099988621,-2.450012000202939,-272734.0883000009,5231023.653999999
Olite,,42.481505999919825,-1.651610999923005,-183856.49549999833,5233381.838200003
Valcabrère, ,43.03308099970778,0.5834960000007982,64954.4776000008,5317008.468699999
La Réole, ,44.58367900027393,-0.040282999572171796,-4484.282999999821,5556216.6635000035
Saint-Macaire,,44.565917999797044,-0.22759999995914704,-25336.316100001335,5553441.078900002
Saint-Emilion,,44.89611799994662,-0.15539600007804166,-17298.6035999991,5605182.190200001
Aubeterre-sur-Dronne,,45.27050799979191,0.17150899958261773,19092.294500000775,5664208.440700002
Saint-Jean-d'Angély, ,45.946289000061746,-0.5292969998346589,-58921.07250000164,5771746.1686
Oléron, ,45.90008500018373,-1.2999880000236603,-144714.0022,5764352.202799998
Alenquer,,39.05627400024984,-9.006226000097547,-1002568.4923,4729735.548799999
Largentière, ,44.54070999985946,4.292113999939975,477795.9448999986,5549503.1756
Bagnols-sur-Cèze, ,44.1549069999649,4.616516000368311,513908.2104000002,5489445.7764
L'Argentière-la-Bessée, ,44.793274000207674,6.559081999898245,730153.6682999991,5589035.208899997
Reillanne,,43.880309999696465,5.658875000334313,629943.0835000016,5446938.5242
Monteux,,44.03369099983249,4.998108000091731,556386.8374999985,5470657.4243
Saint-Gilles, ,43.674316000287334,4.432494999607161,493423.08630000055,5415179.390000001
Aigues-Mortes,,43.568481000090564,4.1906740003538285,466503.69579999894,5398904.668300003
Anduze,,44.05511500004249,3.9852910001525848,443640.5648000017,5473975.321800001
Sorgues,,44.012511999709325,4.872680999837767,542424.3676999994,5467378.6483
Valréas, ,44.38452100006486,4.983521000201364,554763.0201000012,5525141.805500001
Kalundborg,,55.682678000023884,11.101073999654606,1235765.9048999995,7495503.430699997
Svendborg,,55.05987500013484,10.606873000279169,1180751.701299999,7373495.311899997
Nestved, ,55.22991899991838,11.760680999980897,1309193.020300001,7406617.178599998
Ystad,,55.42950400005695,13.820129000203451,1538449.7230000012,7445674.288900003
Trelleborg,,55.375487999761695,13.157714999972892,1464710.1338,7435084.378200002
Middelburg,,51.50152600000679,3.6149289996960374,402412.0555000007,6710491.9706000015
Zierikzee,,51.65289299984277,3.9240720002143052,436825.69689999893,6737605.755000003
Great Yarmouth,,52.60772699983893,1.7330930003827898,192927.03029999882,6910765.112300001
Buttevant,,52.23309300009714,-8.671082000298961,-965260.4329000004,6842381.887699999
New Ross,,52.395874000151544,-6.945983999656622,-773223.4019000009,6872023.510300003
Llanfoes,,53.27929700000792,-4.095580999796923,-455917.9913999997,7034828.3354
Randers,,56.46490500004049,10.047118999825512,1118440.171,7651527.2984
Kolding,,55.490722999811446,9.472107000185021,1054430.1279999986,7457693.887100004
Hörsens, ,55.86047399976636,9.849670000163648,1096460.2489,7530689.967600003
Tander, ,54.932678000233324,8.867125999822157,987083.9510999992,7348811.233000003
Tulln,,48.34808300028803,15.992125999803521,1780235.322999999,6164960.045999996
Enns,,48.2142940001108,14.479492000132232,1611849.6763999984,6142580.054200001
Lockenhaus,,47.40692099993109,16.41772500014376,1827612.7870000005,6008748.721600004
Judenburg,,47.16790800017606,14.661316000186178,1632090.2314999998,5969524.1263
Mulhouse,,47.74951199985775,7.339905000260501,817074.4871000014,6065283.266900003
Colmar,,48.08068799992521,7.36010699978434,819323.3634000011,6120288.956
Samatan,,43.49249300015097,0.929870999789493,103512.76619999856,5387237.2836000025
Martel,,44.93707300019335,1.6099240000370998,179215.9199000001,5611620.3521
Kaiserslautern,,49.44470199971839,7.769104000000145,864852.701200001,6350657.664899997
Saarburg,,49.60491900023755,6.549682999844061,729107.3764000013,6378133.8358
Dieburg,,49.899292000186726,8.846496999602733,984787.5412999988,6428853.222000003
Gelnhausen,,50.200927999890915,9.192321999570568,1023284.6042000018,6481146.0200999975
Excideuil,,45.336913999715605,1.0510860000005542,117006.35830000043,5674718.567100003
Molina de Aragon,,40.84289599973215,-1.8828129998297276,-209593.78440000117,4989196.4038999975
Bragança, ,41.807312000225046,-6.75921600016397,-752432.4833000004,5132159.2749999985
Villafranca del Bierzo,,42.60772699998496,-6.807677999599603,-757827.248399999,5252453.2267
Provins,,48.55932600013707,3.302489999551944,367631.50510000065,6200416.355099998
Neufchâteau, ,48.35491900010576,5.692687999955273,633707.1294,6166105.136299998
Châteauvillain,,48.03527799973084,4.918517999842337,547526.9191999994,6112725.844999999
Charlieu,,46.158691000091935,4.172302000217778,464458.5340999998,5805816.134999998
Champ-Aigue,,46.55328400008817,3.1920779997088338,355340.49749999866,5869461.050999999
Bar-sur-Aube,,48.234924000052395,4.704712000278453,523726.1442000009,6146027.185699999
Burgdorf,,47.05792200014855,7.628723000332957,849225.559799999,5951533.5471
Moirans-en-Montagne,,46.42987100001728,5.725708000081094,637382.8990000002,5849505.996299997
Nyon,,46.38091999973568,6.238524999990059,694469.4263000004,5841603.4651999995
Grandson,,46.809509000243935,6.6458740003929515,739815.3095999993,5911036.3323
Vézelay, ,47.46350100002321,3.7416990001643673,416524.02739999816,6018060.133599997
Gignac,,43.65368700024066,3.5515139997737886,395352.73000000045,5412004.927199997
Florensac,,43.383483999904946,3.465697999970659,385799.7366000004,5370525.377899997
Forcalquier,,43.95990000014933,5.7808839998654165,643525.0632000007,5459238.711599998
Riez,,43.81872600026762,6.090880999978225,678033.7714000009,5437432.3347999975
Cheb,,50.0778809998142,12.37591599981739,1377680.667199999,6459774.398699999
Weida,,50.77307099975791,12.060913000341603,1342614.6937000006,6581250.351999998
Möst, ,51.761475000072856,12.276123000219254,1366571.7613000013,6757111.448799998
Seusslitz, ,51.24267600013776,13.42071500016484,1493987.1598999985,6664333.081200004
Oschatz,,51.29931599993777,13.112914999860937,1459723.0205999985,6674411.018600002
Barby,,51.966674999850376,11.879089000287658,1322374.1385999992,6794102.108400002
Magdeburg,,52.13110400023366,11.636719000140035,1295393.6336000003,6823865.541299999
Angermunde, ,53.01611299993549,14.000305000444483,1558506.8236000016,6985978.945600003
Nyborg,,55.31048600025062,10.791686999637157,1201325.1015999988,7422359.799000002
Gransee,,53.00689699984178,13.157714999972892,1464710.1338,6984273.780599996
Bolsward,,53.06250000013298,5.525879000312216,615138.0364999995,6994567.106799997
Seligenthal,,50.79571500000345,7.2749019999014735,809838.3861999996,6585237.314499997
Soest,,51.5701290000446,8.108275999718625,902609.1554999985,6722769.372900002
Roermond,,51.19268800021088,5.992675999918503,667101.6407999992,6655449.0363000035
Saint-Quentin,,49.84832799979528,3.288330000357127,366055.2212000005,6420050.2381
Péronne, ,49.92932099998311,2.9351199998459077,326736.06379999965,6434044.468800001
Hesdin,,50.37310799989692,2.03772000018621,226837.95279999822,6511144.070200004
Oudenaarde,,50.84271200004749,3.6041260002263837,401209.4710999988,6593518.314999998
Saint-Omer,,50.74987799974275,2.249877999937215,250455.27329999954,6577168.7267
Béthune, ,50.53192100022256,2.6376950002877995,293626.8643000014,6538909.923
Ypres,,50.851318000114055,2.8842769995800284,321076.2468999997,6595035.619199999
Lille,,50.63732899982412,3.0631099996066964,340983.84540000185,6557390.426899999
Diest,,50.98468000007799,5.050476000146883,562216.4166000001,6618584.239399999
Tienen,,50.805725000215965,4.939513999584581,549864.1832000017,6587000.405699998
Mons,,50.45330800005047,3.9487300001785575,439570.61290000007,6525154.077500001
Dinant,,50.26068100006273,4.912292000288602,546833.8440999985,6491544.192100003
Huy,,50.51867699993274,5.239502000446107,583258.694699999,6536590.859700002
Falaise,,48.8964840002218,-0.19580099984895188,-21796.46759999916,6257315.112599999
Sézanne, ,48.723694000154545,3.7229000002310624,414431.3322999999,6228107.432300001
Loches,,47.12927199979487,0.9987179999454026,111176.77919999883,5963200.138599999
Villefranche-de-Confluent,,42.5916750002914,2.3726809996867226,264125.64070000127,5250025.704700001
Morlaàs, ,43.34472700017315,-0.2636110001122458,-29345.042300000787,5364590.879699998
Nogaro,,43.757323999862805,-0.035400000232834426,-3940.710000000894,5427963.995399997
Brignoles,,43.40631099989343,6.061889999597233,674806.5080000013,5374022.439099997
Nonza,,42.78509499994997,9.344909999919404,1040270.6226999983,5279318.111000001
Monte Rasu,,40.4218749999633,9.004882999883185,1002418.9902000017,4927438.731799997
Frias, ,42.761475000253256,-3.294312000411683,-366721.13439999893,5275736.095299996
Pontevedra,,42.433715999746326,-8.64801000022335,-962692.069600001,5226171.042499997
Ourense,,42.340087999926446,-7.864624000354303,-875485.9389999993,5212059.898800001
Palenzuela,,42.09527599974265,-4.129211000018105,-459661.66589999944,5175262.028399996
Ayles,,41.397704999759156,-1.0601810002811256,-118018.80909999833,5071181.2302
Baeza,,37.99353000015318,-3.4691769998945596,-386187.0170999989,4578511.859200001
Pyzdry,,52.16599600007711,17.699996000332565,1970354.5417999998,6830195.4899
Saragossa, ,41.656311000117306,-0.8765870002155615,-97581.2184999995,5109634.725100003
Aix-en-Provence,,43.52490200009044,5.454284999628174,607168.2287999988,5392211.643700004
Auch,,43.64727799985127,0.584717000016424,65090.398699998856,5411018.9098000005
Nantes,,47.216918999862855,-1.5567020003874403,-173291.2740000002,5977552.928900003
Bayeux,,49.276488999838364,-0.7055050004302312,-78536.45740000159,6321906.676899999
Dinan,,48.45391800009253,-2.046021000248443,-227762.01590000093,6182705.596199997
Guingamp,,48.56030300016006,-3.14440899976834,-350034.00869999826,6200580.684100002
Münster,,51.96472200000573,7.6284789999354805,849198.3977999985,6793749.2513
Halberstadt,,51.89172399977954,11.047484999583828,1229800.4046999998,6780571.3923999965
Quedlinburg,,51.78369099973768,11.14209000024411,1240331.7851999998,6761108.113799997
Stade,,53.59912100005687,9.473693999898567,1054606.7919999994,7094597.233599998
Stralsund,,54.313903999826834,13.085875999964802,1456713.0529000014,7229831.5342999995
Kiel,,54.32269299993426,10.135924999831015,1128326.0097000003,7231508.917300001
Ribe,,55.32849099981392,8.761901999815263,975370.4690000005,7425882.308600001
Lund,,55.70288099995979,13.19287099980825,1468623.6818000004,7499493.614200003
Mainz,,49.99511700013905,8.267517000316817,920335.7826000005,6445430.234399997
Metz,,49.116088999992584,6.172729000135893,687145.0491000004,6294582.273599997
Soissons,,49.38232399985994,3.3276980002353884,370437.6468999982,6339984.5317
Rheims,,49.256714000193924,4.033080999568584,448960.52320000157,6318533.179200001
Laon,,49.564879999742,3.624328999575158,403458.45870000124,6371258.963100001
Valenciennes,,50.35772700000612,3.523499000084374,392234.1145000011,6508459.895900004
Cambrai,,50.1754759997834,3.2344969998888726,360062.55900000036,6476720.835199997
Beauvais,,49.429320999988875,2.0811159999844313,231668.77340000123,6348024.652099997
Caen,,49.18487500012908,-0.36010700025968534,-40086.92790000141,6306289.232199997
Auxerre,,47.79827899972075,3.5745239999251277,397914.19150000066,6073361.0189
Lausanne,,46.51971399991543,6.632079999997722,738279.7685000002,5864028.521499999
Kotor,,42.432922000146334,18.770081000282968,2089475.859099999,5226051.2863000035
Dubrovnik,,42.65411400023032,18.095886000241407,2014424.8150000013,5259471.7875000015
Ston,,42.83648700010794,17.696288999904688,1969941.8803999983,5287116.525799997
Split,,43.51611300012845,16.44671599962642,1830840.0502999984,5390862.3825
Barletta, ,41.31927500011382,16.2841190000263,1812739.8350999989,5059549.3279
Messina, ,38.19232199986188,15.556702000335077,1731764.1451000012,4606630.1998
Marseilles,,43.298278999777644,5.383300999937826,599266.3260999992,5357483.7192
Perpignan,,42.701721000014814,2.8942869995545104,322190.5549999997,5266680.385200001
Tarragona,,41.1190799999297,1.2454830004340696,138646.53339999914,5029921.834899999
Valencia,,39.47027600011715,-0.37670900038408434,-41935.05409999937,4789260.201499999
Lisbon,,38.70727499976534,-9.135497999973332,-1016958.9855000004,4679827.5451000035
Avila, ,40.65649400004971,-4.700316999937408,-523236.89499999955,4961805.8781
Coimbra,,40.21148699995317,-8.42919900022306,-938334.1405000016,4896722.755800001
Madrid,,40.416686999938484,-3.7031859997055494,-412236.77980000153,4926680.147500001
Oviedo,,43.360290999838135,-5.8447880004075214,-650638.824000001,5366973.594400004
Corunna,,43.3715209998127,-8.39599599979913,-934637.999400001,5368693.1906
Santiago de Compostela,,42.880492999726485,-8.546326000239727,-951372.6585000008,5293799.317100003
Bodmin,,50.47131300003338,-4.717590000256572,-525159.7166000009,6528302.604999997
Exeter,,50.721924000166624,-3.5335080002339194,-393348.3112999983,6572251.922399998
Bridgwater,,51.127686000233105,-3.0040280001011865,-334406.86730000004,6643911.052500002
Chichester,,50.8367310000995,-0.7800900002432192,-86839.22159999982,6592463.983400002
Kilkenny,,52.653687000171296,-7.2479860000289795,-806842.1108000018,6919194.545500003
Wicklow,,52.97930899999081,-6.042175000145115,-672611.8443000019,6979171.562100001
Nenagh,,52.862915000074686,-8.199401999556676,-912753.2553999983,6957681.051700003
Clare,,52.84021969238178,-9.044131604677021,-1006788.1248999983,6953497.402800001
Clane,,53.291504000131035,-6.688782000294516,-744591.8062999994,7037101.353399999
Dublin,,53.34411600015457,-6.267517000195953,-697696.800999999,7046905.468500003
Drogheda,,53.71691899993891,-6.354308999792362,-707358.4422000013,7116725.391599998
Dundalk,,54.00012200014032,-6.403686999645107,-712855.175999999,7170179.399400003
Carrickfergus,,54.72112999977335,-5.791199000336744,-644673.3238000013,7307930.159900002
Groningen,,53.21490500015793,6.567687999558994,731111.6838000007,7022848.883599997
Copenhagen,,55.67633099994765,12.5681149997188,1399076.1620000005,7494250.2951000035
Shrewsbury,,52.708312999927415,-2.7542110003841698,-306597.36609999835,6929224.925499998
Dumfries,,55.06909199993114,-3.6077880004484255,-401617.12310000136,7375287.024599999
Hereford,,52.05609099997603,-2.7175290000363397,-302513.9444999993,6810273.787600003
Clonmel,,52.35571300023972,-7.69842499990831,-856984.7509000003,6864700.250500001
Norwich,,52.62811299999012,1.2995000001270371,144659.67830000073,6914502.975900002
Gloucester,,51.811278999907145,-2.1726069996954647,-241853.504900001,6766073.943800002
Northampton,,52.23687700015079,-0.8973999996596977,-99898.11100000143,6843069.6998
Lichfield,,52.683471999783755,-1.8223880001098536,-202867.30420000106,6924662.0867
Flensburg,,54.78051799993087,9.435730000334038,1050380.6589000002,7319385.124899998
Kildare,,53.15991199989084,-6.908996999710244,-769106.0278999992,7012632.2641
Colchester,,51.88989300027088,0.9013060002791831,100332.92500000075,6780241.129199997
Limerick,,52.66387899995901,-8.626708999984293,-960320.8531000018,6921065.040299997
Dorchester,,50.710693000242664,-2.4340209999988045,-270953.9783000015,6570277.337700002
Lewes,,50.87567100003477,0.017883000414524834,1990.7265000008047,6599330.758500002
Winchelsea,,50.92388900010492,0.7078860003621473,78801.5091000013,6607841.594700001
London,,51.500122000173846,-0.12622099957403968,-14050.857400000095,6710240.899599999
Salisbury,,51.06750500028071,-1.79760700012196,-200108.69590000063,6633243.273500003
Reading,,51.45147699992945,-0.9906010000062133,-110273.19889999926,6701546.7042
Bristol,,51.45532199994789,-2.5919190003825983,-288531.1033000015,6702233.573799998
Winchester,,51.06310999997569,-1.316710999623598,-146575.59800000116,6632464.752499998
Canterbury,,51.277283000144884,1.0805050000037026,120281.26639999822,6670489.2173999995
Oxford,,51.75231899995922,-1.2557980000071005,-139794.7939000018,6755464.8539
Bedford,,52.13568100013421,-0.4680179996219462,-52099.525400001556,6824695.5973000005
Cambridge,,52.20251499990105,0.13128700010981514,14614.802000001073,6836825.919799998
Ipswich,,52.059325999813055,1.1557009997369883,128652.04679999873,6810859.472400002
Dunwich,,52.27728300008257,1.6318970002958233,181661.94310000166,6850417.897699997
Bury St Edmunds,,52.24688700016,0.7113040001866788,79181.99909999967,6844889.4855
Worcester City,,52.196471999933806,-2.2100220001622968,-246018.52369999886,6835728.369999997
Carmarthen,,51.85650599979407,-4.310486000076058,-479841.10660000145,6774221.367899999
Bridgnorth,,52.53527799997569,-2.4240110000243225,-269839.67020000145,6897495.328699999
Coventry,,52.40588399972988,-1.512512000370847,-168372.0656999983,6873849.846600004
Leicester,,52.63470499998194,-1.129394999959856,-125723.6763000004,6915712.020900004
Kings Lynn,,52.76391599998001,0.40588399998978936,45182.800200000405,6939447.605700001
Stafford,,52.805114999849806,-2.1162109997204195,-235575.53090000153,6947030.5145
Chester,,53.191527999827265,-2.8950199996735133,-322272.1521999985,7018504.2949
Lincoln,,53.234924000164824,-0.5383910002903276,-59933.41200000048,7026571.276600003
Grimsby,,53.56549099999317,-0.07519499990838305,-8370.669100001454,7088291.220200002
Doncaster,,53.52307099981973,-1.1337889995776675,-126212.81410000101,7080344.127300002
Preston,,53.75787400014817,-2.703307999843857,-300930.87000000104,7124433.236400001
Bolton,,53.578490999880586,-2.4298099997807703,-270485.21189999953,7090728.2754999995
Beverley,,53.845275999735776,-0.43609600038644036,-48545.984700001776,7140907.707500003
Scarborough,,54.280272999885604,-0.40240500006585506,-44795.5196999982,7223416.355300002
York,,53.953490999779135,-1.083312999732906,-120593.8515000008,7161352.9619999975
Richmond,,54.40527300007447,-1.7365110002073547,-193307.5203000009,7247286.863200001
Carlisle,,54.895080999990604,-2.933594000231733,-326566.19029999897,7341530.042999998
Newcastle Upon Tyne,,54.977905000141874,-1.613219999662893,-179582.82889999822,7357579.1044000015
Roxburgh,,55.56768800001957,-2.480713000321116,-276151.70800000057,7472831.552699998
Lanark,,55.67388900007644,-3.7819209996372027,-421001.5199000016,7493768.207000002
Haddington,,55.955505000171215,-2.783874999711434,-309899.54740000144,7549563.054399997
Dundee,,56.46148699991718,-2.9680789998723593,-330405.04289999977,7650838.594400004
Ardfert,,52.327698000233184,-9.785888999645183,-1089360.180399999,6859595.723399997
Cork,,51.89788799989433,-8.471008000307702,-942988.2971000001,6781683.3116
Timoleague,,51.64349400008394,-8.767821999945546,-976029.4803999998,6735919.515699998
Youghal,,51.953308000023576,-7.850403000161822,-873902.8645000011,6791687.340999998
Waterford,,52.25689700009937,-7.129211000199399,-793620.1383000016,6846709.6818
Wexford,,52.33929399983327,-6.460082999620151,-719133.1499999985,6861708.202600002
Galway,,53.2799069999295,-9.064575000382352,-1009063.873300001,7034941.905699998
Multyfarnham,,53.62548800016495,-7.39221200021625,-822897.2756999992,7099544.862499997
Armagh,,54.34747299980594,-6.65612799986658,-740956.7795999981,7236240.117299996
Nottingham,,52.955077999854986,-1.1492919998851792,-127938.60020000115,6974692.8851
Mondovi,,44.39200300026618,7.824997999834869,871074.7928000018,5526307.316
Medicina,,44.47799800009939,11.632996999643561,1294979.3024000004,5539713.922499999
Imola,,44.3570019999467,11.711999000437206,1303773.764899999,5520856.3072
Cervia,,44.274003999759316,12.348002000410334,1374573.2950000018,5507943.3103
Cesena,,44.13799600015659,12.248003000049508,1363441.4571999982,5486822.275899999
Rimini,,44.067004000222234,12.574001000412206,1399731.3885999992,5475817.068400003
Pesaro,,43.91299599982607,12.910997000238195,1437245.6116999984,5451987.971000001
Senigallia,,43.71600400025235,13.208995999906683,1470418.7085999995,5421597.818099998
Fossombrone,,43.69299999982432,12.803995999648668,1425334.3148000017,5418055.4912
Urbania,,43.672002999956696,12.514996999826208,1393163.0932999998,5414823.403099999
Cortona,,43.2739960002617,11.974997000081052,1333050.5683000013,5353770.259099998
Asciano,,43.23499900026341,11.552996000388745,1286073.6319000013,5347809.770300001
Montepulciano,,43.09700200005964,11.77900399971314,1311232.7272999994,5326748.2146999985
Città della Pieve, ,42.954000999950225,12.006001999972842,1336502.0291000009,5304972.948899999
Marsciano,,42.910999000294325,12.333997999952802,1373014.3768000007,5298434.7839
Montefiascone,,42.54099999993048,12.02600000018049,1338728.1963,5242366.2929000035
Montalto di Castro, ,42.35299899967751,11.599004000097532,1291195.2190000005,5214004.529799998
Civita Castellana,,42.28899999966872,12.407996000134979,1381251.796500001,5204369.031300001
Tarquinia,,42.25200100001599,11.748998000079146,1307892.4747000001,5198803.037799999
Fabriano,,43.329004000067805,12.90700100010534,1436800.7789999992,5362184.443599999
Macerata,,43.2989980000734,13.44099799987956,1496245.053100001,5357593.694399998
Matelica,,43.261000000038344,13.006999999567835,1447932.616700001,5351783.4639
Nocera Umbra,,43.11199600012576,12.783998000339318,1423108.1477000006,5329034.3464
Amandola,,42.976996000039826,13.351996999880386,1486337.507100001,5308471.058799997
Terni,,42.54800199973248,12.65799799979991,1409081.8918000013,5243424.259000003
Pinerolo,,44.891997999913016,7.320998000372121,814969.7694999985,5604534.776500002
Cortemilia,,44.58300099972111,8.188004000060294,911484.435899999,5556110.693999998
Fossano,,44.556000999739474,7.715998999628015,858941.0795999989,5551891.677199997
Cuneo,,44.388996999785284,7.536998000270202,839014.7795000002,5525839.037600003
Ventimiglia,,43.79499700011152,7.659001999778428,852596.2025999986,5433772.111400001
Tortona,,44.90400400011806,8.85799999957945,986068.0494000018,5606421.519699998
Carpi,,44.78599599982146,10.88100200035403,1211267.6020000018,5587893.620399997
Bobbio,,44.77200099972744,9.388001000119077,1045067.4908999987,5585698.8434000015
Acqui,,44.680003000161626,8.467003999778932,942542.5738000013,5571284.403800003
Modena,,44.65099599987668,10.925003000224702,1216165.7709,5566744.273500003
Savona,,44.31400000030757,8.470000999653989,942876.1983000003,5514163.689099997
Chiavari,,44.31400000030757,9.34499899960787,1040280.5300999992,5514163.689099997
Massa,,44.04699699994053,10.13699900043188,1128445.5669,5472717.960100003
Pistoia,,43.93500100006596,10.916003000378675,1215163.8955000006,5455388.942000002
Prato,,43.885996000241406,11.095003999736486,1235090.1955999993,5447816.718199998
Colle di Val d'Elsa, ,43.42800399985673,11.124001999790195,1238318.2382000014,5377346.9947
Volterra,,43.40300200019518,10.858997000308268,1208818.0166000016,5373515.423799999
Piombino,,42.93699999968421,10.530002000070512,1172194.4607000016,5302387.5154
Grosseto,,42.76699900011106,11.106002000098107,1236314.487399999,5276573.697499998
San Giovanni in Fiore,,39.25400199968268,16.697998999581475,1858812.7459000014,4758120.762999997
Caltagirone,,37.23399699993862,14.517002000135346,1616025.2705000006,4471773.334200002
Ragusa,,36.92599899965606,14.732002999775599,1639959.0722999983,4428797.015500002
Cefalu,,38.037004000256026,14.021003000260862,1560810.9144000001,4584654.556699999
Termini Imerese,,37.99099599983023,13.70199799990611,1525299.440200001,4578153.927699998
Salemi,,37.81999600019302,12.805004000127285,1425446.5249000005,4554028.399700001
Monte Leone,,46.245682003496064,8.035894496330684,894551.6834000014,5819807.7236
Corleone,,37.809996999956454,13.302002000259565,1480772.0892000012,4552619.4234
Marsala,,37.80099700003874,12.433997000313596,1384146.2146000005,4551351.381099999
Mazara Del Vallo,,37.65799599992882,12.592001000104295,1401735.1394000016,4531224.140799999
Licata,,37.10300199964464,13.936996999754044,1551459.4092000015,4453473.678900003
Popoli,,42.16900300022895,13.823003000054868,1538769.6552000009,5186328.988300003
Carsoli,,42.09800200009733,13.079000000132716,1455947.620099999,5175670.991700001
Sulmona,,42.046000000198084,13.925000000032924,1550123.9092999995,5167872.513499998
Avezzano,,42.02899899999313,13.421998999929675,1494130.0940999985,5165324.343900003
Subiaco,,41.92600300021733,13.090996999853836,1457283.120000001,5149901.489100002
Sora,,41.69300200021096,13.577995999882258,1511495.6006999984,5115102.989500001
Arpino,,41.65099899996235,13.60600399989899,1514613.436999999,5108843.306299999
Ceprano,,41.552998000332806,13.510000999671052,1503926.4318999983,5094254.123999998
Sezze,,41.50200399994574,13.05599599982916,1453386.8264999986,5086671.514300004
Cassino,,41.491995999721915,13.826999000187723,1539214.4879,5085184.0647
Venafro,,41.48999799998844,14.034997999599243,1562368.830600001,5084887.137400001
Priverno,,41.47700199971304,13.176001999720121,1466745.8332999982,5082955.9956
Fondi,,41.354998000191706,13.423997000445267,1494352.510499999,5064845.644699998
Terracina,,41.291998000260385,13.241999000314065,1474092.5857999995,5055507.175300002
Gaeta,,41.21199699991099,13.562003000028318,1509715.268100001,5043661.640299998
Borgno San Lorenzo,,43.94899600030417,11.384002999558948,1267261.4171000011,5457552.5864999965
Figline Valdarno,,43.58100400016567,11.313002000150162,1259357.6220000014,5400828.892700002
Citivella del Tronto,,42.775999000066754,13.66499900026417,1521180.7303999998,5277938.524400003
Antrodoco,,42.415000000044145,13.087999999978745,1456949.4954999983,5223348.576800004
Catignano,,42.34599699972318,13.946995999857865,1552572.492800001,5212949.851899996
Pescara,,42.46600299974059,14.194000999647704,1580068.9635999985,5231042.064400002
Lanciano,,42.22699900005733,14.38300100000767,1601108.3473999985,5195043.677299999
Guardiagrele,,42.18999999984696,14.21900299956856,1582852.1735000014,5189483.1499999985
Vasto,,42.108000999984874,14.704003999979719,1636842.2379,5177171.224200003
Boiano,,41.48199700011353,14.464001000418612,1610125.2261999995,5083698.182300001
Teano,,41.24400100006347,14.063995999652917,1565596.8731999993,5048398.6467999965
Aversa,,40.97699800010096,14.191003999772645,1579735.3390999995,5008949.465899996
Avellino,,40.9129990000446,14.791997000398572,1646637.5738999993,4999517.493199997
Nocera Inferiore,,40.74299799982926,14.638997000321048,1629605.6917999983,4974507.514600001
Veglia,,40.33099599966709,17.968996999947343,2000299.5960999988,4914158.943300001
Domodossola,,46.11799600003231,8.291998999655645,923061.1063000001,5799278.366599999
Varese,,45.82400199977017,8.824997000070363,982394.1722999997,5752190.134800002
Cantu,,45.736999000050595,9.125002999576935,1015790.6873999983,5738302.829300001
Bergamo,,45.69499600013314,9.665003000220421,1075903.2124999985,5731606.1098000035
Saronno,,45.630996999896794,9.029000000247327,1005103.6823999994,5721412.136299998
Novara,,45.44899900024021,8.611004000010396,958572.5804999992,5692486.3401999995
Lodi,,45.31299999986824,9.500995999560455,1057646.0366999991,5670932.262100004
Piacenza,,45.05299900021651,9.69899599976645,1079687.2958999984,5629868.956600003
Valenza,,45.01699899972783,8.633999000093135,961132.372200001,5624198.027900003
Locarno,,46.164003999896885,8.762995999609306,975492.2525000013,5806670.040399998
Lugano,,46.005999999996114,8.949998000351977,996309.2199999988,5781310.776600003
Cremona,,45.14199999983622,10.012997000408062,1114641.7274000011,5643904.250699997
Belluno,,46.14499599997678,12.217997000415513,1360101.204599999,5803615.454499997
Feltre,,46.026997000048475,11.912995999619962,1326148.6484999992,5784676.564400002
Conegliano,,45.888999999755555,12.297997999670363,1369006.8751000017,5762579.200000003
Bassano Del Grappa,,45.767950144496304,11.73310600050753,1306123.385400001,5743240.727899998
Treviso,,45.66699700000426,12.245996000211425,1363218.0390000008,5727144.902000003
Vicenza,,45.54400299973817,11.550997999873152,1285851.2155000009,5707574.0896999985
Plove Di Sacco,,45.29599900023986,12.03899600015937,1340174.9043999985,5668241.464400001
Este,,45.219004000104384,11.655001999689324,1297428.8878000006,5656065.329300001
La Scarzuola,,42.90679293017832,12.148366495058688,1352349.9721999988,5297795.5242
Chioggia,,45.21599800010274,12.277001000103215,1366669.4998000003,5655590.289399996
Rovigo,,45.07900000018449,11.782999999845995,1311677.5599999987,5633967.0053
Gemona del Friuli,,46.27999599971956,13.138003999820418,1462515.9153000005,5825332.870499998
Udine,,46.066002999991625,13.24100000005627,1473981.3775999993,5790932.563299999
Monfalcone,,45.811996000162516,13.528001000261437,1505930.1827999987,5750272.463200003
Chivasso, ,45.189880000030904,7.88427699988215,877673.7008999996,5651463.903399996
"Rivarolo, Torrile", ,44.90808099973737,10.318114999582846,1148607.3077000007,5607062.309900001
Ivrea, ,45.46667500012919,7.875916000443815,876742.9587000012,5695291.569899999
Biella, ,45.562927000277874,8.058288999595423,897044.6281000003,5710582.486699998
San Esteban de Gormaz, ,41.573250143762664,-3.2064823927632227,-356943.9871999994,5097267.198399998
Breisach am Rhein, ,48.02831999975532,7.582703000030279,844102.6367999986,6111567.567599997
Weissenburg, ,49.03228799987706,10.971679999580084,1221361.830699999,6280341.7689
Kaysersberg, ,48.13891599970041,7.263916000133745,808615.430300001,6129996.701499999
Susa, ,45.13848899996647,7.048522999957986,784637.9912,5643350.157700002
Chieri, ,45.011474999828835,7.822693000070921,870818.2014000006,5623328.170999996
Hofgeismar, ,51.494079999824166,9.383483999579328,1044564.6607000008,6709160.5239999965
Friedberg, ,48.35491900010576,10.979675000218863,1222251.8301,6166105.136299998
Merl, ,50.03991699994976,7.1696779998945805,798124.9041000009,6453191.634199999
Siegburg, ,50.798889000014654,7.208130000254061,802405.3612000011,6585796.319700003
Emden, ,53.36431899999213,7.2012939997066345,801644.381099999,7050673.4617
Aalborg,,57.04730199995233,9.920104999858005,1104301.0372000001,7769792.9428
Bergen,,63.29827899982939,21.0681150002324,2345291.833799999,9173766.125699997
Menorca, ,40.00231900009698,3.839294000128727,427388.2531000003,4866279.276000001
Eivissa, ,38.90887499966894,1.4324950003241987,159464.61400000006,4708627.090899996
Tàrrega, ,41.64691200009379,1.139281999910697,126824.29210000113,5108234.441
La Bastide-de-Sérou, ,43.01287799983886,1.4274899998877926,158907.4598999992,5313932.215300001
Rioms, ,44.27307099973715,5.460326999957196,607840.8211999983,5507798.255999997
Rions, ,44.66412399987036,-0.351623999724281,-39142.60460000113,5568798.766099997
Pitigliano, ,42.63610800024194,11.674682999704563,1299619.7666999996,5256746.777900003
Piancastagnaio, ,42.85168499988289,11.686096000167876,1300890.256099999,5289423.9695999995
Sant'Angelo in Pontano, ,43.099487000290274,13.3977050000135,1491425.6983999982,5327127.0634
"San Severino, Rapagnano", ,43.15472400011716,13.585326999998992,1512311.6838999987,5335552.148599997
Sarteano, ,42.98931899988258,11.866881999605972,1321015.261500001,5310346.2311
Radicofani, ,42.8964840002561,11.771117999752633,1310354.8618,5296228.905599996
Proceno, ,42.758300999904705,11.830688000053064,1316986.163899999,5275254.8565
Mantua, ,45.16027800011385,10.79772899996618,1201997.6939999983,5646789.3684
Gargnano, ,45.688720999932386,10.662475999860744,1186941.3988999985,5730606.0913999975
Tours, ,47.39031999997329,0.6889040001307014,76688.44249999896,6006018.581100002
Jaca, ,42.57208300001439,-0.5501100001770922,-61237.965100001544,5247063.680299997
Orthez, ,43.48828100004804,-0.7725830003993917,-86003.54619999975,5386590.992399998
Carinena, ,41.33691399981132,-1.2241210000956437,-136268.52639999986,5062164.135200001
Castro-Urdiales, ,43.38287399985204,-3.219482000376315,-358391.09690000117,5370431.944899999
Medina del Campo, ,41.30828899974422,-4.921692000167723,-547880.247299999,5057921.119599998
Stamford,,52.651306000004375,-0.4799800000812514,-53431.129200000316,6918757.633400001
