name,founded,comment,lat,lon,x,y
Durres,1251-1300, ,41.32757255,19.45314881,2165514.619,5060779.27
Utrecht,pre-1250, ,52.135792,5.19113,577873.9482,6824715.729
The Hague,1401-1500, ,52.075996,4.280996,476558.2948,6813878.187
Kilkenny,pre-1250, ,52.65381794,-7.247648126,-806804.4988,6919218.573
Zwolle,1401-1500, ,52.51045568,6.099179121,678957.514,6892953.901
Rotterdam,1401-1500, ,51.926002,4.484999,499267.8049,6786756.71
Antwerpen,pre-1250, ,51.279478,4.775375,531592.3133,6670879.836
Leuven,pre-1250, ,50.877997,4.703996,523646.4394,6599741.113
Brussels,1401-1500, ,50.837002,4.367999,486243.4245,6592511.752
Groningen,1301-1400, ,53.189593,6.873698,765176.5612,7018144.784
Zutphen,1251-1300, ,52.138996,6.206996,690959.6341,6825296.838
Nijmegen,1251-1300, ,51.822997,5.858003,652109.911,6768184.099
Maastricht,1251-1300, ,50.84946122,5.683629584,632698.7512,6594708.231
Liège,pre-1250, ,50.64188417,5.572407508,620317.5663,6558189.989
Argentan,1251-1300, ,48.748003,-0.024001,-2671.7791,6232210.444
Morlaix,pre-1250, ,48.579001,-3.839002,-427355.7478,6203726.254
Dinan,pre-1250, ,48.462001,-2.050999,-228316.1643,6184062.407
Laval,1401-1500, ,48.070996,-0.772999,-86049.8551,6118674.177
Quimperlé,1251-1300, ,47.869,-3.547996,-394961.1081,6085088.707
Angers,pre-1250, ,47.469004,-0.531997,-59221.6351,6018966.301
Guérande,1401-1500, ,47.328001,-2.422996,-269726.6809,5995777.489
Fontenay-le-Comte,1251-1300, ,46.465,-0.799,-88944.2731,5855181.512
La Rochelle,pre-1250, ,46.164004,-1.161997,-129352.9143,5806670.04
Saintes,1301-1400, ,45.743002,-0.617002,-68684.3485,5739260.325
Pons,1251-1300, ,45.579004,-0.543004,-60446.9288,5713139.085
Saint-Sever,1251-1300, ,43.758997,-0.577996,-64342.2204,5428221.847
Orthez,1251-1300, ,43.492003,-0.772999,-86049.8551,5387162.095
Bergerac,1251-1300, ,44.860003,0.484004,53879.0788,5599508.684
Figeac,1251-1300, ,44.611,2.027999,225755.816,5560487.884
Cahors,pre-1250, ,44.448001,1.440002,160300.2894,5535035.154
Rodez,1251-1300, ,44.355004,2.569997,286090.7574,5520545.24
Agen,pre-1250, ,44.191996,0.632,70353.9182,5495202.24
Montauban,1251-1300, ,44.020996,1.341002,149279.6598,5468691.938
Condom,1251-1300, ,43.962001,0.371,41299.5311,5459563.632
Lectoure,1251-1300, ,43.938997,0.623,69352.0428,5456006.677
Castres,1251-1300, ,43.603999,2.232002,248465.3261,5404363.237
Saint-Gaudens,1251-1300, ,43.108999,0.722999,80483.8805,5328577.35
Bagneres,1301-1400, ,43.064998,0.145001,16141.4375,5321870.444
Saint-Girons,1301-1400, ,42.985996,1.147997,127794.4415,5309840.538
Revel,1301-1400, ,43.459999,2.006003,223307.2325,5382252.556
Carcassonne,pre-1250, ,43.209997,2.342,260710.2474,5343990.351
Pamiers,1251-1300, ,43.114003,1.615997,179891.9632,5329340.396
Limoux,1301-1400, ,43.052002,2.212004,246239.1589,5319890.434
Valence,pre-1250, ,44.951002,4.826999,537339.0707,5613811.049
Die,1251-1300, ,44.760004,5.366999,597451.5958,5583817.828
Aubenas,1251-1300, ,44.623996,4.379996,487578.9244,5562520.316
Marvejols,1251-1300, ,44.554003,3.287999,366018.3744,5551579.548
Alès,1251-1300, ,44.131003,4.076003,453738.5784,5485737.631
Millau,1251-1300, ,44.104003,3.076004,342419.199,5481551.019
Orange,1251-1300, ,44.095003,4.879001,543127.9069,5480155.906
Avingon,pre-1250, ,43.951003,4.792997,533553.9854,5457862.913
Nîmes,1251-1300, ,43.846,4.357001,485019.1327,5441641.175
Arles,pre-1250, ,43.689004,4.625003,514852.9789,5417440.296
Aix-en-Provence,1251-1300, ,43.533997,5.441996,605800.2236,5393608.088
Béziers,pre-1250, ,43.351,3.213002,357669.7466,5365551.149
Perpignan,pre-1250, ,42.700003,2.884997,321156.397,5266420.152
Gap,1301-1400, ,44.567998,6.075002,676266.1292,5553766.085
Barcelonnette,1301-1400, ,44.393002,6.642002,739384.2805,5526462.947
Sisteron,pre-1250, ,44.202004,5.932001,660347.3307,5496756.17
Nice,pre-1250, ,43.72,7.261004,808291.2679,5422213.29
Grasse,1251-1300, ,43.658998,6.916997,769996.5839,5412822.098
Draguignan,1251-1300, ,43.541998,6.461003,719235.564,5394836.734
Toulon,1251-1300, ,43.133002,5.926997,659790.288,5332238.068
Douai,1251-1300, ,50.368003,3.08,342864.0316,6510253.088
Valenciennes,pre-1250, ,50.359003,3.506996,390397.0089,6508682.541
Arras,pre-1250, ,50.283997,2.776997,309133.892,6495605.163
Beauvais,1251-1300, ,49.426999,2.086004,232212.9031,6347627.23
Compiègne,1251-1300, ,49.408,2.819,313809.6445,6344376.159
Verdun,pre-1250, ,49.161004,5.387996,599788.9711,6302224.691
Lisieux,pre-1250, ,49.145002,0.225002,25047.1081,6299501.11
Evreux,1251-1300, ,49.021999,1.152002,128240.276,6278594.989
Châlons-sur-Marne,pre-1250, ,48.963004,4.364003,485798.5918,6268586.277
Chartres,pre-1250, ,48.444001,1.477001,164418.9992,6181041.226
Troyes,pre-1250, ,48.293998,4.070999,453181.5357,6155905.741
Sens,pre-1250, ,48.196996,3.284003,365573.5417,6139690.747
Le Mans,pre-1250, ,47.995,0.199001,22152.69,6106023.053
Langres,pre-1250, ,47.860999,5.328002,593110.4696,6083761.096
Blois,1251-1300, ,47.588002,1.326998,147720.7416,6038584.705
Tours,pre-1250, ,47.393998,0.688997,76698.7952,6006623.377
Bourges,pre-1250, ,47.080996,2.396999,266832.7081,5955304.717
Poitiers,pre-1250, ,46.584997,0.340004,37849.0721,5874596.155
Saint-Junien,1251-1300, ,45.886003,0.900002,100187.7644,5762099.902
Angoulême,1251-1300, ,45.648997,0.164999,18367.6047,5724278.059
Périgueux,pre-1250, ,45.186001,0.715997,79704.4214,5650851.221
Brive-la-Gaillarde,1251-1300, ,45.154996,1.519004,169094.7518,5645955.528
Auxerre,pre-1250, ,47.798998,3.569996,397410.1369,6073480.171
Beaune,1401-1500, ,47.030002,4.832003,537896.1135,5946972.538
Le Puy,pre-1250, ,45.049003,3.881999,432142.1519,5629239.307
Saint-Flour,1301-1400, ,45.037996,3.083996,343308.8643,5627505.164
Mâcon,1251-1300, ,46.310002,4.822004,536783.0299,5830167.192
Bourg-en-Bresse,1401-1500, ,46.207996,5.215997,580642.13,5813743.606
Vienne,1301-1400, ,45.529,4.881998,543461.5314,5705189.744
Poligny,1251-1300, ,46.837996,5.700998,634632.1944,5915670.87
Annecy,1401-1500, ,45.907,6.119003,681164.2981,5765458.41
Chambéry,1401-1500, ,45.571003,5.909996,657897.7453,5711866.658
Grenoble,1251-1300, ,45.18624101,5.718496232,636580.0886,5650889.13
Metz,pre-1250, ,49.113997,6.176999,687620.3833,6294226.482
Colmar,1251-1300, ,48.082003,7.352003,818421.2303,6120508.071
Santarém,pre-1250, ,39.353497,-8.514592,-947840.0458,4772434.221
Elvas,1251-1300, ,38.883004,-7.153,-796268.3176,4704926.728
Cork,pre-1250, ,51.89798025,-8.470467426,-942928.1206,6781699.953
Evora,1251-1300, ,38.6521,-7.929646,-882724.1549,4671959.694
Guimaräes,1251-1300, ,41.434999,-8.292004,-923061.6629,5076717.203
Porto,pre-1250, ,41.264359,-8.312488,-925341.9314,5051413.102
Abrantes,1401-1500, ,39.455998,-8.191996,-911928.8233,4787201.458
Jerez,1251-1300, ,36.693997,-6.132004,-682611.5628,4396539.313
Santiago De Compostela,pre-1250, ,42.880003,-8.540998,-950779.5482,5293724.879
Tuy,1301-1400, ,42.046999,-8.641996,-962022.5942,5168022.268
Vivero,1301-1400, ,43.666,-7.584001,-844247.1295,5413899.564
La Coruña,1251-1300, ,43.363996,-8.395999,-934638.3334,5367540.888
Lugo,1301-1400, ,43.017001,-7.558999,-841463.9196,5314559.931
Astorga,1401-1500, ,42.461998,-6.047998,-673260.0577,5230437.708
Ribadavia,1251-1300, ,42.294004,-8.137996,-905917.5708,5205122.066
Benavente,1251-1300, ,42.008002,-5.671996,-631403.7065,5162178.18
Zamora,pre-1250, ,41.511004,-5.743996,-639418.7098,5088009.345
Salamanca,pre-1250, ,40.966999,-5.657002,-629734.5821,5007475.242
Ciudad Rodrigo,1251-1300, ,40.605001,-6.532,-727138.9139,4954252.829
Plascencia,1401-1500, ,40.031998,-6.084997,-677378.7675,4870593.232
Trujillo,1401-1500, ,39.454,-5.885998,-655226.3002,4786913.4
León,1251-1300, ,42.601003,-5.572996,-620383.0769,5251436.289
Burgos,pre-1250, ,42.341002,-3.696001,-411436.9493,5212197.551
Villada,1401-1500, ,42.256996,-4.957,-551810.7159,5199554.277
Mayorga,1401-1500, ,42.162001,-5.264998,-586096.8964,5185277.383
Villalon De Campos,1401-1500, ,42.116002,-4.640002,-516522.6599,5178371.851
Palencia,pre-1250, ,42.019999,-4.531003,-504388.9467,5163975.668
Valladolid,1251-1300, ,41.706997,-4.850998,-540010.6272,5117189.564
Penafiel,1301-1400, ,41.604001,-4.118002,-458413.8857,5101844.058
Medina Del Campo,1301-1400, ,41.349004,-4.581997,-510065.5729,5063956.767
Segovia,pre-1250, ,40.933996,-4.107004,-457189.594,5002610.958
Piedrahita,1301-1400, ,40.468003,-5.335999,-594000.6916,4934186.097
Vitoria,1251-1300, ,42.850159,-2.67478,-297755.1476,5289192.258
Pamplona,pre-1250, ,42.769996,-1.645999,-183231.7705,5277028.163
Estella,1251-1300, ,42.683002,-2.032,-226201.2053,5263845.317
Huesca,1251-1300, ,42.136999,-0.411001,-45752.422,5181523.372
Calatayud,1251-1300, ,41.353999,-1.634002,-181896.2706,5064697.493
Alcañiz,1301-1400, ,41.048998,-0.129004,-14360.6596,5019571.546
Huete,1401-1500, ,40.146001,-2.688001,-299226.9026,4887181.485
Ciudad Real,1301-1400, ,38.977999,-3.927004,-437152.0856,4718520.608
Cordoba,pre-1250, ,37.884004,-4.777,-531773.2075,4563052.403
Palma del Rio,1301-1400, ,37.700998,-5.289001,-588768.8981,4537272.542
Ecija,1251-1300, ,37.539997,-5.081002,-565614.5554,4514645.082
Malaga,1401-1500, ,36.724003,-4.424002,-492477.6499,4400705.87
Jaen,1301-1400, ,37.771,-3.790996,-422011.7443,4547126.111
Zafra,1401-1500, ,38.42415155,-6.41147307,-713721.9174,4639518.699
Granada,1401-1500, ,37.174003,-3.598,-400527.5279,4463388.394
Jativa,1251-1300, ,38.993002,-0.522997,-58219.7597,4720669.219
Onteniente,1401-1500, ,38.820004,-0.612997,-68238.5139,4695921.388
Alcaraz,1301-1400, ,38.662999,-2.494996,-277741.6843,4673513.391
Orihuela,1401-1500, ,38.086,-0.952,-105976.1552,4591581.862
Murcia,1251-1300, ,37.988296,-1.484782,-165285.1762,4577772.562
Almeria,1401-1500, ,36.843001,-2.464999,-274402.4335,4417245.686
Tremp,1401-1500, ,42.164998,0.894998,99630.7216,5185727.477
Gerona,1251-1300, ,41.976997,2.813996,313252.6018,5157534.329
Balaguer,1301-1400, ,41.797996,0.794999,88498.8839,5130768.09
Manresa,1301-1400, ,41.733997,1.814996,202044.4305,5121216.394
Cervera,1301-1400, ,41.673004,1.272998,141709.4891,5112122.189
Lérida,pre-1250, ,41.622001,0.623999,69463.2509,5104524.132
Tarragona,pre-1250, ,41.111998,1.231004,137034.7384,5028875.405
Tortosa,1301-1400, ,40.823998,0.497,55325.7869,4986415.967
Palma de Mallorca,pre-1250, ,39.571,2.647001,294662.8034,4803795.61
Puigcerda,1251-1300, ,42.435997,1.929998,214846.3946,5226515.086
Seo de Urgel,1251-1300, ,42.361,1.459001,162415.2484,5215209.826
Vejle,1301-1400, ,55.749481,9.552224,1063348.712,7508705.197
Ribe,pre-1250, ,55.32799736,8.761647771,975342.1684,7425785.712
Haderslev,pre-1250, ,55.252996,9.490997,1056532.953,7411123.113
Helsingor,1401-1500, ,56.033998,12.611,1403850.098,7565186.675
Holbaek,1251-1300, ,55.720996,11.720999,1304775.64,7503073.163
Naestved,1251-1300, ,55.22965381,11.7608209,1309208.594,7406565.414
Schleswig,pre-1250, ,54.526003,9.554996,1063657.289,7270411.124
Lübeck,pre-1250, ,53.869003,10.647002,1185218.841,7145385.963
Hamburg,pre-1250, ,53.500822,10.007201,1113996.52,7076179.113
Osnabrück,1251-1300, ,52.279999,8.047001,895788.0537,6850912.067
Cologne,pre-1250, ,50.941996,6.934997,772000.3347,6611039.893
Aachen,1251-1300, ,50.766001,6.092003,678158.6719,6580005.922
Münster (Westfalen),1301-1400, ,51.955999,7.632002,849590.5764,6792173.416
Soest,pre-1250, ,51.564004,8.110001,902801.1817,6721672.472
Dortmund,1301-1400, ,51.514,7.465997,831110.9843,6712722.98
Treysa,1251-1300, ,50.91014331,9.19856893,1023980.009,6605414.48
Bremen,pre-1250, ,53.07022357,8.81094723,980830.1591,6995997.959
Minden,pre-1250, ,52.290997,8.902001,990966.2184,6852913.436
Braunschweig,1301-1400, ,52.270999,10.514,1170413.126,6849274.656
Hildesheim,pre-1250, ,52.155997,9.954002,1108074.434,6828381.009
Halberstadt,pre-1250, ,51.892,11.055998,1230748.068,6780621.177
Göttingen,1251-1300, ,51.535996,9.929,1105291.224,6716658.514
Nordhausen,1251-1300, ,51.497998,10.793999,1201582.472,6709861.089
Mühlhausen,1251-1300, ,51.213004,10.450001,1163288.79,6659058.505
Eisenach,pre-1250, ,50.980003,10.318997,1148705.492,6617757.247
Erfurt Bindersleben,pre-1250, ,50.97259811,11.03007052,1227861.834,6616448.077
Marburg An Der Lahn,1251-1300, ,50.800003,8.768,976049.2953,6585992.527
Koblenz,pre-1250, ,50.372998,7.585004,844358.7829,6511124.871
Trier,pre-1250, ,49.750999,6.640004,739161.8641,6403264.406
Speyer,1251-1300, ,49.312996,8.435999,939091.113,6328138.11
Freiburg,pre-1250, ,47.991004,7.844996,873300.96,6105358.351
Frankfurt,pre-1250, ,50.129998,8.668163,964935.4913,6468819.717
Würzburg,pre-1250, ,49.793002,9.946001,1107183.767,6410504.309
Nuremberg,1251-1300, ,49.445998,11.063999,1231638.735,6350879.56
Heidelberg,1401-1500, ,49.410997,8.688998,967254.8329,6344888.916
Pforzheim,1251-1300, ,48.892003,8.701004,968591.3347,6256556.39
Schwabisch Gmund,1251-1300, ,48.798997,9.795998,1090485.509,6240823.957
Esslingen am Neckar,pre-1250, ,48.738004,9.329996,1038610.404,6230522.516
Stuttgart,1401-1500, ,48.688999,9.210998,1025363.607,6222254.846
Ulm,1251-1300, ,48.4,9.965999,1109409.934,6173660.452
Augsburg,pre-1250, ,48.367996,10.889003,1212158.269,6168296.077
Plauen,1251-1300, ,50.498998,12.135998,1350973.118,6533146.211
Regensberg,pre-1250, ,49.020001,12.097001,1346631.991,6278255.827
Landshut,1251-1300, ,48.543001,12.150002,1352532.036,6197671
Steyr,1401-1500, ,48.038002,14.413997,1604558.806,6113179.344
Vienna,pre-1250, ,48.20752614,16.37707261,1823087.384,6141449.494
Wiener Neustadt,1251-1300, ,47.816998,16.238,1807605.892,6076463.642
Leoben,1251-1300, ,47.375998,15.091004,1679922.881,6003663.928
Graz,1401-1500, ,46.993003,15.439997,1718772.604,5940932.059
Stralsund,1251-1300, ,54.311002,13.075004,1455502.787,7229277.766
Rostock,1251-1300, ,54.095002,12.087002,1345518.908,7188169.106
Greifswald,1251-1300, ,54.089998,13.391003,1490679.635,7187219.296
Wismar,1251-1300, ,53.893996,11.460998,1275832.461,7150105.912
Prenzlau,1251-1300, ,53.325997,13.864997,1543444.406,7043527.673
Neuruppin,pre-1250, ,52.924003,12.799001,1424778.274,6968952.885
Strausberg,1251-1300, ,52.578997,13.899998,1547340.699,6905500.292
Berlin,1251-1300, ,52.524799,13.392821,1490882.014,6895577.805
Kammin,pre-1250, ,54.583782,13.329664,1483851.409,7281502.136
Brandenburg,1251-1300, ,52.414999,12.536003,1395501.47,6875513.25
Halle Saale,1251-1300, ,51.479998,11.969003,1332383.319,6706643.064
Leipzig,pre-1250, ,51.349003,12.397997,1380138.713,6683262.055
Jena,1251-1300, ,50.916004,11.583002,1289413.885,6606449.23
Luckau,1251-1300, ,51.862003,13.754,1531088.276,6775212.184
Lübben,1251-1300, ,51.9414011,13.89782001,1547098.247,6789536.949
Pirna,1251-1300, ,50.959996,13.934,1551125.785,6614220.527
Freiberg,pre-1250, ,50.916004,13.343996,1485446.84,6606449.23
Rottweil,1251-1300, ,48.1654,8.6278,960442.3027,6134415.745
Bamberg,1301-1400, ,49.8926,10.8871,1211946.428,6427696.786
Bayonne,pre-1250, ,43.4915,-1.4641,-162982.8665,5387084.913
Toledo,pre-1250, ,39.8628,-4.0248,-448038.6865,4846024.734
Narbonne,pre-1250, ,43.1844,3.0007,334036.396,5340081.658
Nevers,1301-1400, ,46.9905,3.166,352437.5079,5940523.568
Rennes,1301-1400, ,48.119004,-1.676997,-186682.4521,6126675.744
Seville,1401-1500, ,37.373004,-5.970996,-664688.2342,4491227.052
Bordeaux,pre-1250, ,44.840997,-0.599004,-66680.8203,5596524.355
Montpellier,pre-1250, ,43.614,3.867003,430472.8049,5405900.818
Toulouse,pre-1250, ,43.599996,1.438002,160077.6504,5403747.877
Barcelona,pre-1250, ,41.357997,2.159001,240338.8919,5065290.411
Cágliari,1251-1300, ,39.224997,9.108999,1014009.13,4753951.898
Amiens,pre-1250, ,49.887999,2.302002,256257.6904,6426901.787
Rouen,pre-1250, ,49.431996,1.077003,119891.4255,6348482.516
Paris,pre-1250, ,48.881997,2.432997,270839.9871,6254862.421
Orléans,pre-1250, ,47.914002,1.906002,212175.1721,6092559.738
Limoges,pre-1250, ,45.830997,1.251999,139371.8912,5753307.61
Dijon,pre-1250, ,47.318004,5.036004,560605.4009,5994135.774
Clermont-Ferrand,pre-1250, ,45.783999,3.090996,344088.1008,5745802.217
Lyon,pre-1250, ,45.747,4.854996,540455.6825,5739898.074
Bruges,pre-1250, ,51.21,3.220002,358448.983,6658524.695
Besançon,pre-1250, ,47.248002,6.018003,669921.0296,5982648.678
Toul,pre-1250, ,48.6792,5.8957,656306.3219,6220602.615
Geneva,1251-1300, ,46.202004,6.134004,682834.2018,5812779.807
Basel,pre-1250, ,47.547,7.576002,843356.6849,6031819.952
Strasbourg,pre-1250, ,48.582999,7.767999,864729.6932,6204398.989
Zurich,1251-1300, ,47.401002,8.533998,950000.3118,6007775.206
Wissembourg,1251-1300, ,49.0337,7.9467,884622.5975,6280581.515
Gent,pre-1250, ,51.048,3.735999,415889.5063,6629788.763
Bern,1251-1300, ,46.869352,7.595237,845497.9153,5920775.005
Konstanz,pre-1250, ,47.652001,9.174998,1021356.105,6049154.24
Rieux,1251-1300, ,43.25708,1.19928,133503.2389,5351184.268
Haguenau,1251-1300, ,48.820496,7.791504,867346.2578,6244458.026
Sélestat,1251-1300, ,48.259705,7.456116,830011.0364,6150169.759
's-Hertogenbosch,1251-1300, ,51.68927,5.304321,590474.3127,6744135.314
La Réole,1401-1500, ,44.583679,-0.040283,-4484.283,5556216.664
Saint-Emilion,1251-1300, ,44.896118,-0.155396,-17298.6036,5605182.19
Saint-Jean-d'Angély,1251-1300, ,45.946289,-0.529297,-58921.0725,5771746.169
Zierikzee,1251-1300, ,51.652893,3.924072,436825.6969,6737605.755
Bergues,pre-1250, ,50.96836717,2.430498515,270561.8571,6615700.147
Provins,1251-1300, ,48.559326,3.30249,367631.5051,6200416.355
Magdeburg,pre-1250, ,52.131104,11.636719,1295393.634,6823865.541
Saint-Quentin,pre-1250, ,49.848328,3.28833,366055.2212,6420050.238
Saint-Omer,1301-1400, ,50.749878,2.249878,250455.2733,6577168.727
Ypres,1251-1300, ,50.851318,2.884277,321076.2469,6595035.619
Lille,pre-1250, ,50.637329,3.06311,340983.8454,6557390.427
Morlaas,1251-1300, ,43.344727,-0.263611,-29345.0423,5364590.88
Pontevedra,1301-1400, ,42.433716,-8.64801,-962692.0696,5226171.042
Saragossa,pre-1250, ,41.656311,-0.876587,-97581.2185,5109634.725
Nantes,pre-1250, ,47.216919,-1.556702,-173291.274,5977552.929
Guingamp,1251-1300, ,48.560303,-3.144409,-350034.0087,6200580.684
Mainz,1251-1300, ,49.995117,8.267517,920335.7826,6445430.234
Rheims,pre-1250, ,49.256714,4.033081,448960.5232,6318533.179
Caen,pre-1250, ,49.184875,-0.360107,-40086.9279,6306289.232
Lausanne,pre-1250, ,46.519714,6.63208,738279.7685,5864028.521
Marseilles,pre-1250, ,43.298279,5.383301,599266.3261,5357483.719
Valencia,pre-1250, ,39.470276,-0.376709,-41935.0541,4789260.201
Elgin,pre-1250, ,57.6491536,-3.315867798,-369120.7148,7893973.987
Aberdeen,pre-1250, ,57.14772404,-2.095385595,-233257.2574,7790372.314
Montrose,pre-1250, ,56.70982917,-2.466883796,-274612.248,7701040.088
Inverness,pre-1250, ,57.47661684,-4.231272242,-471023.0714,7858165.461
Perth,pre-1250, ,56.3957653,-3.434972054,-382379.3399,7637608.152
Saint Andrews,1251-1300, ,56.33901948,-2.798908523,-311573.0716,7626203.004
Kingshorn,1251-1300, ,56.07340879,-3.172055809,-353111.6374,7573043.171
Stirling,pre-1250, ,56.119424,-3.935881999,-438140.38,7582226.422
Glasgow,pre-1250, ,55.86560516,-4.263497275,-474610.3457,7531707.832
Edinburgh,pre-1250, ,55.95102089,-3.188737186,-354968.5998,7548671.472
Berwick,pre-1250, ,55.77050289,-2.005278858,-223226.6214,7512864.269
Derry,1251-1300, ,54.99753311,-7.320323969,-814894.7367,7361387.355
Bamburgh,1251-1300, ,55.60660431,-1.71691824,-191126.4642,7480497.002
Cavan,1251-1300, ,53.99442005,-7.360690624,-819388.3322,7169099.588
Sligo,1251-1300, ,54.27099995,-8.471657748,-943060.6267,7221648.424
Trim,1251-1300, ,53.55485522,-6.790641438,-755930.747,7086297.932
Newcastle,pre-1250, ,54.97801269,-1.612944229,-179552.1303,7357599.994
Carlisle,pre-1250, ,54.89512205,-2.933551348,-326561.4423,7341537.988
Ayr,pre-1250, ,55.46336752,-4.632132261,-515646.6046,7452320.669
Mullingar,pre-1250, ,53.52477921,-7.338354987,-816901.9404,7080663.995
Dublin,pre-1250, ,53.3442174,-6.267253412,-697667.4585,7046924.376
Roscommon,1251-1300, ,53.62794257,-8.188303344,-911517.7587,7100005.608
Athenry,pre-1250, ,53.30076699,-8.745488337,-973543.3084,7038826.613
Athy,1251-1300, ,52.991967,-6.986982,-777787.2784,6981512.171
Limerick,pre-1250, ,52.663857,-8.626773,-960327.9776,6921061.003
Kilmallock,1251-1300, ,52.398895,-8.573311,-954376.6149,6872574.652
Hartlepool,1251-1300, ,54.682492,-1.216696999,-135442.0904,7300486.536
Youghal,1251-1300, ,51.9553616,-7.851445736,-874018.9413,6792058.28
Waterford,pre-1250, ,52.2574207,-7.128558137,-793547.4619,6846804.922
Tralee,pre-1250, ,52.26961306,-9.700094402,-1079809.569,6849022.535
Lancaster,1251-1300, ,54.05083045,-2.800528538,-311753.4108,7179788.856
Arklow,1251-1300, ,52.79635785,-6.157194205,-685415.7236,6945418.11
Lincoln,pre-1250, ,53.23496612,-0.538607582,-59957.5218,7026579.109
Yarm,1251-1300, ,54.50417416,-1.35418325,-150746.9898,7266225.037
Wigtown,1251-1300, ,54.86766084,-4.443999253,-494703.7339,7336224.028
York,pre-1250, ,53.95770981,-1.082429937,-120495.5494,7162151.103
Scarborough,1251-1300, ,54.28438502,-0.394142677,-43875.7621,7224200.451
Beverley,pre-1250, ,53.84512416,-0.43610253,-48546.7116,7140879.056
Pontefract,1251-1300, ,53.69324308,-1.305262713,-145301.1806,7112272.94
Boston,1251-1300, ,52.9775292,-0.02422524,-2696.7414,6978842.512
Derby,pre-1250, ,52.92189912,-1.475639076,-164267.3905,6968564.417
Rhuddlan,1251-1300, ,53.29175618,-3.465225936,-385747.1867,7037148.317
Bangor,1251-1300, ,53.22780118,-4.13420176,-460217.2348,7025246.638
Newcastle-under-Lyme,1251-1300, ,53.01120025,-2.229687115,-248207.6343,6985069.932
Chester,pre-1250, ,53.191458,-2.895007,-322270.7051,7018491.289
Leicester,1251-1300, ,52.63499859,-1.128495213,-125623.5125,6915765.873
Cambridge,pre-1250, ,52.2033491,0.129987004,14470.0871,6836977.424
Haverfordwest,pre-1250, ,51.80166138,-4.964947743,-552695.4546,6764342.431
Hereford,pre-1250, ,52.05648702,-2.717034892,-302458.9407,6810345.484
Shrewsbury,pre-1250, ,52.70820914,-2.754429996,-306621.7446,6929205.844
Brecon,1251-1300, ,51.94720533,-3.39154068,-377544.5815,6790585.124
Gloucester,pre-1250, ,51.86516532,-2.244353034,-249840.2369,6775782.236
Illchester,1251-1300, ,51.00226185,-2.682967008,-298666.5212,6621693.827
Cardiff,pre-1250, ,51.48020613,-3.182574103,-354282.5286,6706680.267
Bristol,pre-1250, ,51.45547381,-2.590633531,-288388.0055,6702260.694
Exeter,pre-1250, ,50.72180287,-3.533613341,-393360.0378,6572230.623
Truro,1251-1300, ,50.2627479,-5.050369257,-562204.534,6491904.106
Guildford,1251-1300, ,51.23636734,-0.570323906,-63488.1668,6663211.352
Oxford,pre-1250, ,51.75463229,-1.262132209,-140499.9148,6755880.839
London,pre-1250, ,51.49775443,-0.130893471,-14570.9945,6709817.535
Canterbury,pre-1250, ,51.2769295,1.081180855,120356.5022,6670426.311
Chichester,1251-1300, ,50.83667403,-0.780073184,-86837.3496,6592453.942
Arundel,1251-1300, ,50.85550327,-0.559493145,-62282.492,6595773.616
Ipswich,1251-1300, ,52.05928896,1.15564145,128645.4178,6810852.767
Dunwich,1251-1300, ,52.2773326,1.631771932,181648.0206,6850426.921
Northampton,pre-1250, ,52.23811661,-0.895389017,-99674.2494,6843295.035
Norwich,pre-1250, ,52.628101,1.299349,144642.869,6914500.776
Great Yarmouth,1251-1300, ,52.60756056,1.73302078,192918.9908,6910734.602
Chelmsford,1251-1300, ,51.73581408,0.469707467,52287.5961,6752497.488
Drogheda,pre-1250, ,53.7167318,-6.354122421,-707337.6723,7116690.178
Dunstable,1251-1300, ,51.88761676,-0.523134508,-58235.067,6779830.575
Linlithgow,1251-1300, ,55.978368,-3.59423,-400107.8534,7554110.541
Salisbury,1251-1300, ,51.06757606,-1.797491424,-200095.83,6633255.862
Stamford,pre-1250, ,52.651324,-0.480070001,-53441.1481,6918760.936
Wilton,pre-1250, ,51.07981,-1.863773,-207474.2613,6635423.348
Sudbury,pre-1250, ,52.04171297,0.728390872,81084.101,6807671.211
Winchester,pre-1250, ,51.06287231,-1.316576664,-146560.6438,6632422.65
Trondheim,pre-1250, ,63.42770697,10.39044938,1156659.534,9205902.44
Bergen,pre-1250, ,60.38691109,5.321064861,592338.2308,8486387.778
Oslo,pre-1250, ,59.91382257,10.73871313,1195428.077,8380576.376
Vasteras,pre-1250, ,59.61608294,16.55255922,1842622.464,8314754.555
Sigtuna,pre-1250, ,59.6173358,17.72379924,1973004.306,8315030.302
Strangnas,1251-1300, ,59.37703897,17.0326246,1896063.097,8262329.605
Skänninge,pre-1250, ,58.39893488,15.08354098,1679092.102,8051592.382
Skara,pre-1250, ,58.38599249,13.43804492,1495916.318,8048843.391
Lödöse,pre-1250, ,58.03291355,12.15791962,1353413.421,7974234.825
Riga,pre-1250, ,56.94661595,24.1040021,2683245.239,7749215.254
Talinn (Reval),pre-1250, ,59.438862,24.75447201,2755655.219,8275852.526
Tartu (Dorpat),1251-1300, ,58.3820952,26.71606016,2974018.213,8048015.795
Turku,pre-1250, ,60.44828428,22.23159985,2474810.375,8500226.918
Halmstad,1251-1300, ,56.6756912,12.86138054,1431722.333,7694119.627
Viborg,pre-1250, ,56.45312869,9.403093836,1046747.618,7649154.712
Arhus,pre-1250, ,56.15796699,10.21219933,1136816.829,7589926.9
Hälsingborg,1251-1300, ,56.04698992,12.69504791,1413206.268,7567775.713
Lund,pre-1250, ,55.70328333,13.19227836,1468557.71,7499573.097
Ahus,pre-1250, ,55.92282233,14.2935761,1591153.613,7543067.08
Kalmar,pre-1250, ,56.66212593,16.36485408,1821727.224,7691371.413
Visby,pre-1250, ,57.64071061,18.29606322,2036708.441,7892217.762
Roskilde,pre-1250, ,55.641486,12.080418,1344785.98,7487374.207
Vordingborg,1251-1300, ,55.00840809,11.91181729,1326017.435,7363498.123
Odense,pre-1250, ,55.39678253,10.39008364,1156618.82,7439257.472
Gdansk,pre-1250, ,54.35202881,18.64655079,2075724.54,7237110.26
Tczew,1251-1300, ,54.091927,18.777307,2090280.254,7187585.427
Elblag,pre-1250, ,54.15605534,19.40443465,2160091.784,7199766.882
Pasewalk,1251-1300, ,53.50516079,13.99019155,1557380.999,7076991.163
Robel,1251-1300, ,53.37568117,12.60433867,1403108.562,7052793.367
Chelmno,pre-1250, ,53.34842,18.42499,2051060.505,7047708.044
Winsum,1251-1300, ,53.33136621,6.51790424,725569.781,7044528.468
Leuwarden,pre-1250, ,53.20340684,5.791305512,644685.1806,7020711.668
Norden,1251-1300, ,53.59498104,7.20245887,801774.0539,7093820.672
Brzesc Kujawski,pre-1250, ,52.56292455,18.42184037,2050709.889,6902556.494
Torun,1251-1300, ,53.01572753,18.60432904,2071024.435,6985907.618
Solec Kujawski,pre-1250, ,53.083253,18.225832,2028890.337,6998412.344
Plock,pre-1250, ,52.546345,19.706536,2193721.552,6899520.946
Sochaczew,1251-1300, ,52.229337,20.238359,2252923.818,6841699.223
Sieradz,pre-1250, ,51.595601,18.730299,2085047.347,6727332.637
Leczyca,1251-1300, ,52.05871981,19.20418026,2137799.568,6810749.72
Poznan,pre-1250, ,52.40625126,16.92596971,1884190.329,6873916.862
Lublin,1251-1300, ,51.246454,22.568446,2512307.917,6665004.913
Kiew,pre-1250, ,50.45362915,30.50382653,3395670.436,6525210.226
Košice,pre-1250, ,48.72099601,21.257748,2366401.683,6227652.173
Krakow Cracow,pre-1250, ,50.06482352,19.94548852,2220321.626,6457509.71
Bistrita Beszterce,1251-1300, ,47.13832163,24.49713666,2727008.779,5964680.98
Sibiu (Hermannstadt),1251-1300,"GHW only: 1250-1303. Curta, 421: pre-1241.",45.79549335,24.15139973,2688521.52,5747637.233
Alba-Iulia,1251-1300, ,46.07108082,23.57252476,2624081.453,5791747.297
Sarospatak,pre-1250, ,48.318984,21.566374,2400757.772,6160087.425
Budapest,1251-1300, ,47.50195313,19.04273444,2119827.501,6024393.949
Esztergom,pre-1250, ,47.7935414,18.74170004,2086316.505,6072575.952
Trnava,1301-1400, ,48.37636544,17.58829049,1957919.542,6169698.602
Györ,1251-1300, ,47.68400091,17.63523405,1963145.275,6054443.932
Tulin an der Donau,1251-1300, ,48.33045214,16.06138308,1787944.986,6162007.429
Vasvár,pre-1250, ,47.05108696,16.7985076,1870001.312,5950416.756
Szekesfehervar,pre-1250, ,47.188716,18.413809,2049815.841,5972931.911
Dubica,pre-1250, ,45.186152,16.807128,1870960.931,5650875.071
Pécs,pre-1250, ,46.0755697,18.23079219,2029442.503,5792467.598
Virovitica,pre-1250, ,45.83278793,17.38321917,1935091.106,5753593.74
Cazma,pre-1250, ,45.7476342,16.61205041,1849244.993,5739999.244
Pozega,1251-1300, ,45.33107699,17.676978,1967792.19,5673794.246
Bihac,1251-1300, ,44.79286,16.268155,1810962.731,5588970.267
Rab,1301-1400, ,44.76359764,14.75812735,1642867.222,5584381.235
Senj,1301-1400, ,44.98921852,14.90787224,1659536.746,5619824.322
Krk,1301-1400, ,45.02616,14.573371,1622300.239,5625640.784
Zagreb,pre-1250, ,45.81467527,15.97775426,1778635.468,5750700.377
Ptuj,pre-1250, ,46.41896204,15.87196467,1766859.025,5847744.266
Friesach,pre-1250, ,46.95457946,14.4070508,1603785.559,5934663.433
Ulcinj,1251-1300, ,41.92875853,19.22112574,2139685.93,5150313.784
Dubrovnik,pre-1250, ,42.65295422,18.08130967,2012802.185,5259296.244
Split,pre-1250, ,43.50689777,16.44246575,1830366.914,5389447.898
Zadar,pre-1250, ,44.11487801,15.228951,1695279.071,5483237.064
Nin,pre-1250, ,44.24283564,15.17522327,1689298.127,5503098.784
Constantinople,pre-1250, ,41.01702973,28.95608221,3223376.327,5014853.87
Thebes,1251-1300, ,38.32129097,23.3221632,2596211.331,4624913.407
Andravida,1251-1300, ,37.90685873,21.27094708,2367870.998,4566276.418
Chalkis,1251-1300, ,38.46428967,23.59956605,2627091.676,4645223.598
Heraklion,1251-1300, ,35.33529857,25.13181749,2797661.126,4209540.754
Antioch,pre-1250, ,36.20368328,36.15871423,4025169.655,4328684.192
Nicosia,pre-1250, ,35.167604,33.37362101,3715134.497,4186681.25
Famagusta,1251-1300, ,35.10580298,33.9503595,3779336.732,4178268.659
Limassol,1251-1300, ,34.68333957,33.05111233,3679232.994,4120931.09
Udine,1251-1300, ,46.06477242,13.23216148,1472997.478,5790735.128
Cividale del Friuli,pre-1250, ,46.08943785,13.43546483,1495629.104,5794693.3
Capo d'Istria,1251-1300, ,45.5466619,13.72986977,1528402.112,5707996.72
Bolzano (Bozen),1251-1300, ,46.49512915,11.3541964,1263943.362,5860052.16
Venice,pre-1250, ,45.43464833,12.33859555,1373526.174,5690209.495
Chioggia,1251-1300, ,45.2171202,12.27882017,1366872.008,5655767.628
Treviso,pre-1250, ,45.66615742,12.24208256,1362782.397,5727011.162
Padua,pre-1250, ,45.40430184,11.87825112,1322280.867,5685396.697
Trento,pre-1250, ,46.07035669,11.12156727,1238047.205,5791631.106
Vicenza,1251-1300, ,45.54670051,11.54576464,1285268.64,5708002.857
Verona,pre-1250, ,45.44210562,10.99526245,1223987.017,5691392.58
Mantua,pre-1250, ,45.16037672,10.79770616,1201995.152,5646804.954
Ferrara,pre-1250, ,44.837894,11.62044,1293581.464,5596037.214
Modena,pre-1250, ,44.64754671,10.92691766,1216378.91,5566204.547
Imola,pre-1250, ,44.35421845,11.71263141,1303844.165,5520422.941
Ravenna,1251-1300, ,44.41776077,12.19782244,1357855.383,5530320.879
Bologna,pre-1250, ,44.4942568,11.35132611,1263623.842,5542250.886
Faenza,pre-1250, ,44.286181,11.883516,1322866.95,5509836.69
Forli,pre-1250, ,44.22131121,12.04248565,1340563.37,5499754.722
Rimini,pre-1250, ,44.05860634,12.57834236,1400214.666,5474516.133
Cesena,1251-1300, ,44.13835433,12.24216929,1362792.052,5486877.858
Urbino,1251-1300, ,43.7246964,12.63694852,1406738.674,5422936.692
Pesaro,1251-1300, ,43.91180555,12.9156571,1437764.372,5451804.018
Fano,1251-1300, ,43.84394134,13.01819933,1449179.32,5441323.422
Ancona,pre-1250, ,43.62034556,13.51445267,1504421.99,5406876.535
Jesi,pre-1250, ,43.52446717,13.2493811,1474914.358,5392144.885
Osimo,1251-1300, ,43.48615163,13.48393464,1501024.738,5386264.277
Recanati,1251-1300, ,43.40335383,13.56184878,1509698.1,5373569.331
Fermo,pre-1250, ,43.16563,13.724222,1527773.405,5337216.498
Fabriano,1251-1300, ,43.33623469,12.90563865,1436649.123,5363291.038
Camerino,1251-1300, ,43.14057022,13.06716972,1454630.68,5333392.603
Ascoli Piceno,1251-1300, ,42.854901,13.58077425,1511804.874,5289912.313
Spoleto,pre-1250, ,42.74559116,12.74034628,1418248.861,5273328.05
Foligno,1251-1300, ,42.95660922,12.70372406,1414172.094,5305369.658
Todi,pre-1250, ,42.78041742,12.40876715,1381337.641,5278608.639
Orvieto,pre-1250, ,42.71863603,12.11282729,1348393.766,5269242.971
Viterbo,pre-1250, ,42.42210622,12.10854209,1347916.739,5224420.131
Narni Scalo,1251-1300, ,42.53160158,12.51748568,1393440.132,5240946.427
Rieti,1251-1300, ,42.40307961,12.86111663,1431692.955,5221551.362
Penne,1251-1300, ,42.45758529,13.92675695,1550319.492,5229771.873
Chieti,pre-1250, ,42.35246108,14.16939371,1577329.693,5213923.502
Tivoli,1251-1300, ,41.96366909,12.79858503,1424731.968,5155538.802
Rome,pre-1250, ,41.89703012,12.4852134,1389847.598,5145567.513
Anagni,pre-1250, ,41.74307783,13.15828797,1464773.916,5122571.106
Fondi,1251-1300, ,41.35575322,13.43195703,1495238.617,5064957.646
Gaeta,pre-1250, ,41.21531205,13.56978434,1510581.483,5044152.204
Sessa Aurunca,1251-1300, ,41.24194855,13.93389131,1551113.685,5048094.788
Capua,1251-1300, ,41.10184029,14.21897401,1582848.947,5027374.708
Aversa,1251-1300, ,40.97339669,14.20768941,1581592.751,5008418.473
Somma Vesuviana,1251-1300, ,40.87169535,14.43835244,1607270.042,4993435.138
Naples,pre-1250, ,40.83999709,14.25287146,1586622.393,4988769.84
Salerno,1251-1300, ,40.68097856,14.76678475,1643830.959,4965399.345
Avigliano,1251-1300, ,40.73072896,15.71999301,1749941.618,4972705.011
Benevent,pre-1250, ,41.13029464,14.78164062,1645484.706,5031579.131
Barletta,1251-1300, ,41.31845759,16.28134354,1812430.872,5059428.172
Trani,pre-1250, ,41.27554924,16.41749476,1827587.157,5053070.466
Bari,1251-1300, ,41.12730659,16.87092976,1878063.31,5031137.531
Monopoli,1251-1300, ,40.95184298,17.29888659,1925703.247,5005241.108
Gubbio,1251-1300, ,43.35533151,12.57374332,1399702.704,5366214.273
Perugia,pre-1250, ,43.1106013,12.38898978,1379136.034,5328821.673
Cortona,1251-1300, ,43.27492452,11.98621417,1334299.258,5353912.225
Siena,pre-1250, ,43.31889221,11.33104954,1261366.665,5360637.143
Arezzo,pre-1250, ,43.46932301,11.86588021,1320903.742,5383682.628
Citta di Castello,1251-1300, ,43.46082,12.24377,1362970.242,5382378.468
Florence,pre-1250, ,43.7687753,11.25692013,1253114.617,5429729.077
Prato,1251-1300, ,43.87749643,11.09941732,1235581.484,5446504.004
Pistoia,1251-1300, ,43.93205864,10.91884204,1215479.936,5454934.115
Pisa,pre-1250, ,43.7180526,10.39799015,1157498.969,5421913.342
Lucca,pre-1250, ,43.84382233,10.50553858,1169471.205,5441305.053
Parma,pre-1250, ,44.79956874,10.32676101,1149569.777,5590022.684
Cremona,pre-1250, ,45.13314508,10.02645274,1116139.613,5642506.866
Lodi,pre-1250, ,45.31273536,9.498270182,1057342.6,5670890.37
Crema,1251-1300, ,45.36236503,9.692549206,1078969.642,5678749.987
Milan,pre-1250, ,45.46366932,9.188134378,1022818.44,5694814.498
Monza,1251-1300, ,45.58264881,9.272055693,1032160.518,5713718.793
Pavia,pre-1250, ,45.185877,9.156632,1019311.612,5650831.636
Plaisance,pre-1250, ,45.05355855,9.69427496,1079161.752,5629957.128
Alessandria,1251-1300, ,44.91374628,8.616337558,959166.3095,5607952.809
Tortona,1251-1300, ,44.89718445,8.865284956,986879.007,5605349.779
Genoa,pre-1250, ,44.40763131,8.933909531,994518.2598,5528742.3
Albenga,1251-1300, ,44.05044594,8.215723184,914570.1213,5473252.13
Cherasco,1251-1300, ,44.65108439,7.858592436,874814.5083,5566758.104
Alba,1251-1300, ,44.70047819,8.034573881,894404.6732,5574490.517
Asti,pre-1250, ,44.89936105,8.204102276,913276.4878,5605691.833
Chieri,1251-1300, ,45.01370027,7.822194995,870762.7637,5623678.572
Turin,1251-1300, ,45.06921719,7.686447212,855651.3896,5632424.905
Vercelli,pre-1250, ,45.32111891,8.421801621,937510.668,5672217.55
Ivrea,1251-1300, ,45.46873767,7.878654268,877047.7813,5695618.979
Novara,1251-1300, ,45.44939244,8.620739804,959656.3652,5692548.771
Barlassina,1251-1300, ,45.656561,9.129883,1016333.927,5725482.658
Como,pre-1250, ,45.81171156,9.085528268,1011396.38,5750227.036
Bergamo,pre-1250, ,45.694736,9.668707,1076315.54,5731564.673
Brescia,pre-1250, ,45.539773,10.222939,1138012.364,5706901.774
Toro,1251-1300, ,41.52565942,-5.394737879,-600539.4736,5090188.24
Ortigueira,1251-1300, ,43.68580557,-7.851936834,-874073.6101,5416947.918
Collioure,1251-1300, ,42.52495394,3.081238272,343001.8755,5239942.264
Sanguesa,1301-1400, ,42.57523422,-1.282821104,-142802.9921,5247540.035
Albi,1251-1300, ,43.92739365,2.148084056,239123.6233,5454213.049
Genolhac,1251-1300, ,44.34988361,3.94893164,439593.0593,5519748.097
Tarascon,1251-1300, ,43.80847293,4.661553194,518921.7279,5435850.61
Auvillar,1251-1300, ,44.06888977,0.900382184,100230.0862,5476109.231
Coutances,pre-1250, ,49.0492192,-1.444373934,-160786.9708,6283216.993
Savigliano,1251-1300, ,44.64745867,7.659831411,852688.5322,5566190.772
Saint-Maximin-la-Sainte-Baume,1251-1300, ,43.45321244,5.860522742,652390.4074,5381211.806
Guebwiller,1251-1300, ,47.90843062,7.212263847,802865.5389,6091634.451
Chur,1251-1300, ,46.84945169,9.530728736,1060955.87,5917535.283
Bad Mergentheim,1251-1300, ,49.48891507,9.771083251,1087712.012,6358230.93
Worms,pre-1250, ,49.63051612,8.357842095,930390.7261,6382531.933
Warburg,1251-1300, ,51.48966677,9.146630913,1018198.296,6708371.481
Wesel,1251-1300, ,51.6608228,6.609264499,735739.9586,6739028.682
Bad Wimpfen,1251-1300, ,49.23110159,9.158549352,1019525.05,6314165.863
Haarlem,1251-1300, ,52.37995714,4.634531262,515913.6601,6869120.313
Eichstätt,1251-1300, ,48.89109619,11.18506192,1245115.397,6256402.858
Cheb,1251-1300, ,50.07784681,12.37565752,1377651.893,6459768.468
Plzen,1251-1300, ,49.74754009,13.37743592,1489169.355,6402668.487
Klatovy,1251-1300, ,49.39646798,13.2936533,1479842.716,6342403.436
Pisek,1251-1300, ,49.30807709,14.14841914,1574994.814,6327298.225
Louny,1251-1300, ,50.35684989,13.79664844,1535835.879,6508306.856
Beroun,1251-1300, ,49.96386317,14.07155794,1566438.664,6440019.928
Prague,pre-1250, ,50.08697152,14.42071627,1605306.791,6461351.421
Ceske Budejovice,1251-1300, ,48.97540275,14.47484859,1611332.774,6270688.785
Retz,1251-1300, ,48.75676774,15.95183614,1775750.277,6233690.295
Krems an der Donau,pre-1250, ,48.40997,15.603868,1737014.64,6175332.271
Znojmo,1251-1300, ,48.85514419,16.04817556,1786474.731,6250318.041
Litomerice,1251-1300, ,50.533738,14.131115,1573068.526,6539228.136
Kolin,1251-1300, ,50.02782425,15.20041815,1692102.808,6451095.906
Brno,pre-1250, ,49.19300473,16.60891676,1848896.156,6307673.937
Tabor,1251-1300, ,49.41396388,14.65840832,1631766.55,6345396.55
Sumperk,1301-1400, ,49.96455367,16.97765526,1889943.938,6440139.422
Nymburk,1251-1300, ,50.18584667,15.04163326,1674426.955,6478523.636
Swidnica,1251-1300, ,50.84497451,16.49415892,1836121.372,6593917.186
Sagone,1251-1300, ,42.11259904,8.702005066,968702.7728,5177861.186
Opatowiec,1251-1300, ,50.244006,20.72393,2306977.335,6488641.11
Mysliborz,1251-1300, ,52.923719,14.86785,1655081.491,6968900.446
Wroclaw,pre-1250, ,51.11075639,17.0288151,1895639.026,6640908.679
Legnica,1251-1300, ,51.21095428,16.16130273,1799067.99,6658694.266
Opava,1251-1300, ,49.93910059,17.90319248,1992974.271,6435735.809
Boleslawiec,1251-1300, ,51.26214905,15.56854741,1733082.77,6667796.513
Glogow,1251-1300, ,51.66349628,16.08455073,1790523.997,6739508.47
Turnov,1251-1300, ,50.58391129,15.15175032,1686685.13,6548019.874
Chrudim,1251-1300, ,49.95221095,15.79492157,1758282.626,6438003.729
Hradec Kralove,pre-1250, ,50.20980738,15.83078669,1762275.113,6482690.379
Jihlava,pre-1250, ,49.39634603,15.59110123,1735593.45,6342382.578
Olomouc,pre-1250, ,49.58924412,17.23626281,1918731.999,6375441.719
Raciborz,pre-1250, ,50.09036351,18.21956651,2028192.866,6461939.94
Brzeg,1301-1400, ,50.86054851,17.46678151,1944393.224,6596663.34
Zabkowicki (Zabkowice),1251-1300, ,50.58643765,16.82580859,1873040.444,6548462.81
Catania,1401-1500, ,37.502812,15.088315,1679623.543,4509425.967
Palermo,1301-1400, ,38.11685351,13.3568681,1486879.756,4595946.472
Opole,1251-1300, ,50.67043487,17.9244215,1995337.474,6563203.216
Cieszyn,1251-1300, ,49.7502089,18.63133421,2074030.637,6403128.279
Messina,pre-1250, ,38.19206098,15.55302042,1731354.313,4606593.229
Augusta,1251-1300, ,37.24214554,15.22081631,1694373.521,4472912.713
Piazza Armerina,pre-1250, ,37.38344313,14.36988266,1599648.02,4492689.438
Trapani,1251-1300, ,38.01654223,12.51512494,1393177.335,4581762.938
Cosenza,1401-1500, ,39.30368723,16.25010568,1808953.49,4765265.991
Nardo,1251-1300, ,40.17555778,18.02965835,2007052.387,4891486.75
Brindisi,1301-1400, ,40.63739478,17.93963954,1997031.538,4959003.705
Modica,1301-1400, ,36.85890806,14.76084382,1643169.617,4419458.595
Bivona,1401-1500, ,37.61814566,13.44082675,1496225.989,4525622.159
Noto,1301-1400, ,36.8917361,15.07094491,1677689.913,4424026.92
Syracuse,1301-1400, ,37.0663661,15.28440863,1701452.585,4448361.407
Lentini,1401-1500, ,37.29567708,14.99945179,1669731.336,4480400.886
Palazzolo Acreide,1401-1500, ,37.06343692,14.90371684,1659074.169,4447952.768
Agrigento,1301-1400, ,37.31082657,13.58172753,1511910.993,4482521.015
Caltanissetta,1401-1500, ,37.48925499,14.05635793,1564746.608,4507523.814
Polizzi Generosa,1401-1500, ,37.81276826,13.99932339,1558397.551,4553009.908
Termini Imerese,1401-1500, ,37.9850295,13.69699818,1524742.863,4577311.2
Caccamo,1401-1500, ,37.93240737,13.66451685,1521127.058,4569881.636
Castelvetrano,1401-1500, ,37.68112098,12.79186091,1423983.442,4534476.326
Taormina,1401-1500, ,37.85307962,15.28808909,1701862.292,4558691.631
Placanica,1401-1500, ,38.41485769,16.45031824,1831241.05,4638198.199
Savoca,1401-1500, ,37.95387663,15.34040764,1707686.367,4572912.175
Briatico,1401-1500, ,38.72526203,16.032734,1784755.785,4682393.773
Belcastro,1301-1400, ,39.01961323,16.78666808,1868683.343,4724481.389
Catanzaro,1401-1500, ,38.91332957,16.58659273,1846411.056,4709264.37
Ronda,1401-1500, ,36.74478815,-5.161751556,-574603.5548,4403592.997
Taverna,1401-1500, ,39.02083978,16.5815923,1845854.412,4724657.132
Doña Mencia,1401-1500, ,37.55327433,-4.356247822,-484935.2893,4516509.258
Lisbon,pre-1250, ,38.71496887,-9.134436913,-1016840.866,4680925.159
Batalha,1301-1400, ,39.65972436,-8.825193528,-982416.0497,4816616.863
Pedrogao Grande,1401-1500, ,39.9172275,-8.145469547,-906749.5222,4853921.286
Coimbra,pre-1250, ,40.20837478,-8.426233938,-938004.0713,4896269.098
Aveiro,1401-1500, ,40.64200126,-8.656361401,-963621.7433,4959679.478
San Felices de los Gallegos,1401-1500, ,40.850189,-6.706519,-746566.2801,4990269.625
Pena da Francia,1401-1500, ,40.51243454,-6.16817544,-686638.1491,4940689.696
Cisneros,1401-1500, ,42.22021383,-4.857005476,-540679.3764,5194023.7
Avila,1401-1500, ,40.65490614,-4.695112953,-522657.5832,4961572.883
Nieva,1301-1400, ,41.08043774,-4.426542242,-492760.4284,5024213.462
Chinchilla,1401-1500, ,38.918621,-1.722758,-191776.5433,4710021.424
Luchente,1401-1500, ,38.942889,-0.356685474,-39706.0453,4713494.211
Sant Mateu,1301-1400, ,40.46510267,0.178489959,19869.4114,4933761.716
Benabarre,1401-1500, ,42.10752843,0.483654741,53840.1995,5177100.315
Castello d'Empuries,1301-1400, ,42.25917346,3.074297401,342229.2212,5199881.781
Logrono,1401-1500, ,42.46240045,-2.453159993,-273084.5212,5230498.437
Port-Sainte-Marie,1301-1400, ,44.25000985,0.398454865,44355.7927,5504213.651
Marciac,1301-1400, ,43.52274614,0.162407863,18079.1606,5391880.664
Belves,1301-1400, ,44.77578046,1.005654344,111948.9295,5586291.507
Clermont-L'Herault,1301-1400, ,43.62836636,3.433853985,382254.8771,5408109.988
Carpentras,1301-1400, ,44.05194449,5.047505208,561885.7095,5473484.235
Buis-les-Baronnies,1301-1400, ,44.27622365,5.276440569,587370.6773,5508288.411
Seyne,1401-1500, ,44.35160581,6.356235063,707572.8506,5520016.201
Coppet,1401-1500, ,46.31578598,6.190318188,689103.0685,5831099.365
Maubec,1401-1500, ,45.568421,5.266008,586209.3291,5711456.072
Montmelian,1301-1400, ,45.50109882,6.05933336,674521.9042,5700757.25
Montbozon,1301-1400, ,47.46668065,6.259151361,696765.5423,6018583.708
Zofingen,1251-1300, ,47.28557456,7.947383459,884698.6798,5988812.32
Luxembourg,1251-1300, ,49.60659269,6.125838838,681925.2601,6378421.339
Vailly-sur-Aisne,1401-1500, ,49.40196459,3.51062469,390800.9529,6343343.655
Beauvoir-sur-Mer,1251-1300, ,46.91553261,-2.043413462,-227471.7461,5928297.727
Winchelsea,1301-1400, ,50.92404186,0.708937385,78918.5487,6607868.589
Kings Langley,1301-1400, ,51.714075,-0.450412,-50139.6345,6748590.744
Melcombe Regis,1401-1500, ,50.613878,-2.455534,-273348.7945,6553275.335
Warwick,1251-1300, ,52.28245111,-1.586945659,-176657.9827,6851358.248
Worcester,1301-1400, ,52.19104754,-2.221738778,-247322.8294,6834743.288
King's Lynn,1251-1300, ,52.76335853,0.409274731,45560.2547,6939345.049
Thetford,1301-1400, ,52.36263342,0.24533098,27310.1198,6865961.698
Jarrow,1301-1400, ,54.97835485,-1.48302959,-165090.0988,7357666.364
Dumfries,1301-1400, ,55.069,-3.607780001,-401616.2326,7375269.138
Kirkcudbright,1301-1400, ,54.8369606,-4.048682643,-450697.2902,7330287.57
Annan,pre-1250, ,54.98742932,-3.261341403,-363050.8643,7359426.783
Kalkar,1401-1500, ,51.73550368,6.295309591,700790.6581,6752441.692
Marienheide,1401-1500, ,51.08508969,7.531079665,838355.9534,6636358.928
Komarom,1401-1500, ,47.74326035,18.11900874,2016998.827,6064248.292
Meldorf,1301-1400, ,54.09182982,9.069335299,1009593.787,7187566.981
Vilnius,1401-1500, ,54.68946336,25.27994683,2814150.808,7301829.047
Stupsk,1251-1300, ,54.464148,17.028482,1895601.945,7258555.081
Kamieniec-Podolsk,1301-1400, ,49.823859,19.008757,2116045.15,6415827.019
Kolomyja,1401-1500, ,53.07681267,22.36304996,2489443.334,6997218.844
Piotrkow,1301-1400, ,51.40734799,19.68668711,2191511.984,6693667.649
Brest,1251-1300, ,52.09506915,23.68225428,2636296.487,6817333.464
Lowicz,1401-1500, ,52.11185578,19.92949551,2218541.291,6820375.738
Hrubieszow,1401-1500, ,50.80288141,23.89242113,2659692.154,6586499.516
Warka,1251-1300, ,51.78318286,21.19483671,2359398.43,6761016.678
Horodlo,1401-1500, ,50.8848449,24.03169667,2675196.236,6600949.341
Margitsziget,pre-1250, ,47.5271985,19.0484445,2120463.142,6028554.878
Belzec,1301-1400, ,50.38445517,23.43852895,2609165.108,6513124.849
Lancut,1301-1400, ,50.06852976,22.2313868,2474786.658,6458152.458
Zmigrod,1301-1400, ,51.46906,16.90676619,1882052.603,6704688.198
Przemysl,1301-1400, ,49.78478755,22.77227684,2534998.262,6409087.92
Cluj,1301-1400, ,46.77291189,23.58292156,2625238.82,5905085.965
Gelnica,1401-1500, ,48.85181871,20.93401044,2330363.382,6249755.431
Szeged,1301-1400, ,46.25018235,20.14918634,2242997.164,5820532.161
Debrecen,1301-1400, ,47.52983116,21.63956067,2408904.874,6028988.908
Oradea,pre-1250, ,47.06388495,21.93640966,2441949.954,5952507.964
Zalakomar,1401-1500, ,46.54071995,17.16769432,1911098.99,5867427.456
Mesztegnyo,1401-1500, ,46.505337,17.424262,1939659.973,5861702.962
Modrus,1301-1400, ,45.12867129,15.24112467,1696634.238,5641800.944
Sibenik,1301-1400, ,43.7340235,15.89502642,1769426.247,5424373.545
Trogir,1301-1400, ,43.51831127,16.2489335,1808823.003,5391199.836
Hvar,1301-1400, ,43.17295958,16.44302344,1830428.997,5338335.222
Stari Grad,1401-1500, ,43.18518181,16.60195811,1848121.523,5340201.017
Korcula,1401-1500, ,42.95799976,17.13473569,1907430.051,5305581.166
Budva,1401-1500, ,42.27979309,18.82997863,2096143.632,5202983.673
Lopud,1401-1500, ,42.68893217,17.9437416,1997488.177,5264743.373
Shkoder,1301-1400, ,42.06992603,19.50871248,2171699.94,5171459.786
Wronki,1251-1300, ,52.70816212,16.37891942,1823292.97,6929197.203
Bol,1401-1500, ,43.26271955,16.64395326,1852796.401,5352046.321
Uhersky Brod,1251-1300, ,49.0255199,17.64677644,1964430.168,6279192.697
Banská Štiavnica,1251-1300, ,48.458653,18.893035,2103163.036,6183500.386
Leutenberg,1301-1400, ,50.56470757,11.454389,1275096.751,6544653.75
Cammin,pre-1250, ,53.9902364,12.36169939,1376098.082,7168307.402
Tangermunde,1401-1500, ,52.541027,11.966933,1332152.888,6898547.517
Znin,1301-1400, ,52.84908832,17.73088684,1973793.295,6955131.983
Sroda,1401-1500, ,52.22908,17.27607,1923163.315,6841652.514
Koscian,1401-1500, ,52.081612,16.638547,1852194.58,6814895.423
Lewin Brzeski,1251-1300, ,50.75095855,17.62077615,1961535.828,6577358.843
Bochnia,1301-1400, ,49.96845957,20.43032241,2274293.087,6440815.385
Krosno Odrza¨½skie,1251-1300, ,52.05503393,15.09723067,1680616.031,6810082.418
Oswiecim,1251-1300, ,50.03222987,19.20173004,2137526.81,6451859.358
Mondovi,1301-1400, ,44.39257908,7.819431465,870455.129,5526397.061
Bonifacio,1401-1500, ,41.38750151,9.161685594,1019874.175,5069667.164
Garessio,1401-1500, ,44.20316055,8.019147848,892687.455,5496935.763
Saluzzo,1301-1400, ,44.64458849,7.492608351,834073.3464,5565741.686
Taggia,1401-1500, ,43.85533311,7.852882225,874178.8505,5443081.874
Finale Marina,1301-1400, ,44.16597348,8.337484969,928124.5812,5491162.99
Savona,1401-1500, ,44.30942717,8.47730527,943689.3059,5513452.285
Varazze,1401-1500, ,44.36085382,8.575683877,954640.7624,5521456.025
Biella,1401-1500, ,45.56583515,8.067389542,898057.6959,5711044.892
Rivoli,1251-1300, ,45.07034096,7.51845799,836950.915,5632602.036
Basella,1401-1500, ,45.61531521,9.731572629,1083313.71,5718916.065
Morbegno,1401-1500, ,46.13282521,9.571286043,1065470.688,5801660.162
Forres,1301-1400, ,57.60860075,-3.6119418,-402079.522,7885542.322
Dundee,1301-1400, ,56.46143344,-2.968113908,-330408.9289,7650827.803
Dysart in Fife,1301-1400, ,56.12735324,-3.123200503,-347673.0896,7583809.969
Coleraine,pre-1250, ,55.13209481,-6.6599885,-741386.5285,7387545.344
Rathfran,1251-1300, ,54.24858034,-9.226285748,-1027065.431,7217375.709
Newtownards,pre-1250, ,54.595016,-5.703109,-634867.1898,7283660.393
Dundalk,1301-1400, ,53.99997668,-6.403735223,-712860.5442,7170151.878
Tulsk,1401-1500, ,53.78234948,-8.247528178,-918110.6371,7129043.179
Ballindoon,1401-1500, ,54.08635044,-8.32465254,-926696.0818,7186527.024
Toombeola,1401-1500, ,53.439822,-9.872246997,-1098973.509,7064771.108
Galway,1401-1500, ,53.27538349,-9.047094436,-1007117.946,7034099.754
Cashel,pre-1250, ,52.51684,-7.891171,-878441.1375,6894121.714
Castlelyons,1301-1400, ,52.08976996,-8.23507383,-916724.2254,6816373.318
Aghaboe,1301-1400, ,52.91576287,-7.517746358,-836871.6965,6967431.506
Portumna,1401-1500, ,53.08914969,-8.215412998,-914535.5916,6999505.255
Newbridge,1301-1400, ,53.18047298,-6.795925256,-756518.939,7016450.558
Lorrha,1251-1300, ,53.09375525,-8.122314656,-904171.9316,7000358.968
New Ross,1251-1300, ,52.39507586,-6.944026768,-773005.5239,6871877.906
Longford,1301-1400, ,53.72582087,-7.798732962,-868150.9822,7118400.11
Rojas,1401-1500, ,42.577694,-3.4409,-383039.2359,5247911.887
Pietravairano,1401-1500, ,41.327216,14.169806,1577375.589,5060726.415
Maddaloni,1301-1400, ,41.03678253,14.38145327,1600936.055,5017768.594
Arienzo,1401-1500, ,41.02207719,14.49343413,1613401.707,5015598.59
Airola,1401-1500, ,41.05892153,14.55452883,1620202.738,5021036.465
Castelmare,1401-1500, ,40.69563962,14.48274767,1612212.095,4967551.702
Murano,1401-1500, ,45.45744013,12.3548987,1375341.032,5693825.861
Angri,1401-1500, ,40.734474,14.571741,1622118.788,4973255.178
Feltre,1401-1500, ,46.02169489,11.90912661,1325717.91,5783826.523
Reggio Emilia,pre-1250, ,44.69918069,10.63031519,1183361.273,5574287.314
Calvisano,1401-1500, ,45.349241,10.346111,1151723.808,5676670.926
Cingoli,1301-1400, ,43.37447452,13.20277513,1469726.205,5369145.502
Lugo,1401-1500, ,44.42862332,11.90747433,1325533.979,5532014.006
Meldola,1301-1400, ,44.12895086,12.06189319,1342723.808,5485419.359
Modigliana,1301-1400, ,44.15899171,11.79383637,1312883.859,5490079.574
San Severino Marche,pre-1250, ,43.23015574,13.18080379,1467280.366,5347069.77
Monselice,1301-1400, ,45.239529,11.7504,1308048.545,5659309.578
Casale Monferrato,1401-1500, ,45.13152566,8.449647705,940610.4799,5642251.331
Trino,1401-1500, ,45.19294773,8.297706899,923696.5067,5651948.476
Valenza,1401-1500, ,45.0122776,8.644166627,962264.2273,5623454.55
Vigevano,1401-1500, ,45.31513816,8.857270514,985986.8434,5671270.733
Acquaviva delle Fonti,1401-1500, ,40.8989285,16.84345863,1875005.238,4997445.051
L'Aquila,1301-1400, ,42.35220922,13.39983189,1491662.462,5213885.564
Bagnoli Irpino,1401-1500, ,40.83032572,15.07135537,1677735.605,4987346.868
Castellaneta,1401-1500, ,40.6285084,16.93587355,1885292.82,4957700.197
Galatina,1401-1500, ,40.17415314,18.16933251,2022600.843,4891282.106
Sulmona,1401-1500, ,42.04643744,13.93330294,1551048.188,5167938.088
Cagli,1301-1400, ,43.54679217,12.65600563,1408860.103,5395573.013
Fiesole,1401-1500, ,43.80604091,11.29413461,1257257.314,5435475.465
Cupar,1301-1400, ,56.31963508,-3.013744976,-335488.5561,7622310.887
Foiano della Chiana,1301-1400, ,43.25084286,11.81898079,1315682.923,5350230.961
Sarzana,1301-1400, ,44.11186234,9.961129147,1108867.824,5482769.489
Legnago,1401-1500, ,45.19070002,11.30761421,1258757.856,5651593.429
Soave,1401-1500, ,45.4220705,11.2482395,1252148.293,5688214.403
Argenta,1301-1400, ,44.61443574,11.83631553,1317612.617,5561025.152
Senigallia,1401-1500, ,43.715014,13.218024,1471423.701,5421445.343
Bibbiena,1401-1500, ,43.69749793,11.81456777,1315191.668,5418748.009
San Miniato,1251-1300, ,43.679363,10.85133,1207964.53,5415956.206
San Gimignano,1301-1400, ,43.46882017,11.04115155,1229095.368,5383605.499
Teramo,1251-1300, ,42.66127966,13.69850504,1524910.606,5260556.45
Ripatransone,pre-1250, ,42.99652434,13.76104018,1531871.985,5311442.831
Civitavecchia,1401-1500, ,42.09386031,11.80068599,1313646.356,5175049.649
Magliano dei Marsi,1301-1400, ,42.09205402,13.36670211,1487974.472,5174778.679
Montepulciano,1401-1500, ,43.09683899,11.78578286,1311987.347,5326723.364
Bevagna,1301-1400, ,42.93487,12.609389,1403670.763,5302063.645
Ortona,1301-1400, ,42.35615906,14.40368143,1603410.483,5214480.554
Caramanico,1301-1400, ,42.3813665,14.30854889,1592820.376,5218278.594
Pianella,1401-1500, ,42.39812604,14.04759931,1563771.602,5220804.622
Castel di Sangro,1301-1400, ,41.7864165,14.10682433,1570364.501,5129039.171
Pontecorvo,1301-1400, ,41.45691515,13.66670075,1521370.168,5079971.95
Cercemaggiore,1401-1500, ,41.46240583,14.72395976,1639063.703,5080787.539
Terracina,1301-1400, ,41.28800719,13.24821885,1474784.976,5054915.923
La Quercia,1401-1500, ,42.43026393,12.1289712,1350190.898,5225650.39
Orsara,1401-1500, ,41.28309854,15.26441549,1699226.959,5054188.739
Andria,1301-1400, ,41.231688,16.29173,1813587.088,5046575.889
Bitonto,1301-1400, ,41.10909252,16.68986119,1857906.849,5028446.127
Gioia del Colle,1401-1500, ,40.79952637,16.92380156,1883948.971,4982816.667
Modugno,1401-1500, ,41.08331491,16.78015518,1867958.33,5024638.372
Martina Franca,1301-1400, ,40.70323992,17.33636794,1929875.652,4968667.671
Altomonte,1401-1500, ,39.699302,16.131274,1795725.207,4822341.399
Matera,1301-1400, ,40.668653,16.606087,1848581.149,4963590.224
Venosa,1301-1400, ,40.96156686,15.81791339,1760842.064,5006674.436
Atella,1401-1500, ,40.87808445,15.65353025,1742543.016,4994375.746
Ferrandina,1401-1500, ,40.50245527,16.45416999,1831669.824,4939228.622
Ottati,1401-1500, ,40.4625961,15.31696953,1705077.248,4933394.964
Montemurro,1401-1500, ,40.2972876,15.99191483,1780211.816,4909237.817
Taranto,1301-1400, ,40.46605841,17.2520597,1920490.501,4933901.559
Matino,1401-1500, ,40.03356466,18.13213349,2018459.867,4870821.004
Parabita,1401-1500, ,40.05050278,18.12558746,2017731.167,4873283.922
Galatone,1401-1500, ,40.143907,18.071259,2011683.35,4886876.542
Lecce,1401-1500, ,40.35317963,18.17396026,2023116.002,4917398.897
Otranto,1401-1500, ,40.15064288,18.48232339,2057442.828,4887857.501
Campagna,1401-1500, ,40.66548233,15.10599738,1681591.937,4963124.893
Bisignano,1401-1500, ,39.512603,16.287185,1813081.141,4795365.813
Squillace,1401-1500, ,38.78171755,16.51909829,1838897.61,4690452.542
Hamar,1301-1400, ,60.79823275,11.09286897,1234852.525,8579640.888
Stockholm,1301-1400, ,59.33090328,18.07597074,2012207.858,8252254.125
Brasov,1301-1400, ,45.79214007,25.3460576,2821510.226,5747101.86
Santa Severina,1401-1500, ,39.14837548,16.91540244,1883013.986,4742947.427
Sighisoara,1251-1300, ,46.237381,24.85416,2766752.435,5818471.638
Labatlan,1401-1500, ,47.74688337,18.49694834,2059070.87,6064848.077
Székelyvásárhely,1301-1400, ,46.3027916,25.28947505,2815211.485,5829005.27
Podkamien,1401-1500, ,50.43689533,17.34600549,1930948.498,6522285.043
Smotrych (Smotric),1301-1400, ,48.95094586,26.57490338,2958304.712,6266542.028
Rabat,1401-1500, ,35.88160303,14.4015938,1603178.088,4284342.337
Fanjeaux,1301-1400, ,43.18734006,2.03353428,226372.0006,5340530.527
Prouilhe,pre-1250, ,43.49758136,2.694214587,299918.5959,5388018.105
Burrishoole,1401-1500, ,53.90235149,-9.570886943,-1065426.261,7151684.483
Sabes,1301-1400, ,45.97534241,23.55822828,2622489.976,5776398.704
Kotor,1251-1300, ,42.42499453,18.77136149,2089618.403,5224855.697
Gabel,1251-1300, ,50.76523754,14.7603949,1643119.645,6579871.553
Ungarisch-Brod,1251-1300, ,49.02456889,17.64646394,1964395.38,6279031.249
Coborszentmihaly,1401-1500, ,45.76854953,19.11641957,2128030.093,5743336.38
Gillingham,1251-1300, ,51.03882481,-2.278117392,-253598.868,6628164.258
"Sandomierz, S. Jacob",pre-1250, ,50.67700848,21.7448135,2420621.567,6564357.91
Neukloster,1401-1500, ,46.14983522,15.56257522,1732417.949,5804393.017
Vogh,1401-1500, ,44.99250248,9.009086002,1002886.866,5620341.232
Piperno,1301-1400, ,41.47343078,13.18172542,1467382.961,5082425.398
Mauvoisin,1301-1400, ,43.73143838,0.875756197,97488.7339,5423975.281
San Pedro de las Dueñas,1401-1500, ,40.85623729,-4.31675969,-480539.4906,4991159.767
San Paulus Porta Coeli,1401-1500, ,37.40488656,-5.890189569,-655692.9035,4495694.023
San Paulus Scala Coeli,1401-1500, ,37.8853252,-4.776023158,-531664.466,4563238.751
Valencia de San Juan,1401-1500, ,42.28972114,-5.52436988,-614970.042,5204477.549
Marca,1251-1300, ,45.76665839,16.48258235,1834832.674,5743034.589
Clonymican,1401-1500, ,54.154991,-8.493247002,-945463.9314,7199564.551
Koroszeg,1401-1500, ,47.02772627,21.69632409,2415223.75,5946600.88
Ujvar,1401-1500, ,45.69025469,20.91305939,2328031.122,5730850.498
Urlar,1401-1500, ,53.85123435,-8.766757929,-975911.0286,7142032.053
Seehausen,1251-1300, ,52.89059669,11.7544176,1308495.782,6962786.852
San Giorgio,1401-1500, ,38.38621196,16.11004276,1793361.757,4634129.196
Clonshanville Abbey,1301-1400, ,53.97520347,-8.29538746,-923438.308,7165461.526
Krossen,1251-1300, ,52.05492855,15.09833129,1680738.551,6810063.34
Strad,1251-1300, ,55.27386608,-7.427814624,-826860.5416,7415200.385
Bemfica,1301-1400, ,39.14089789,-8.686840585,-967014.6705,4741874.129
La Tarce,1401-1500, ,41.73625908,-5.32930254,-593255.245,5121553.841
Palacios,1401-1500, ,42.32657612,-5.941884936,-661447.6054,5210025.192
S. Maria Magdalena,1301-1400, ,50.55700081,21.66323793,2411540.615,6543303.256
S. Anna,1251-1300,"Georeferenced Add, GHW only: 1250-1303",40.60472815,8.951002153,996421.0018,4954212.822
Castania,1401-1500,Georeferenced Add,38.10610035,15.01009276,1670915.883,4594425.096
Azeitao,1401-1500,Georeferenced Add,38.96135264,-8.762606692,-975448.915,4716137.181
Vallis Cellinensis,1401-1500,Georeferenced Add,46.37120868,12.92299107,1438580.785,5840036.535
Gibello,1401-1500,Georeferenced Add,45.50836964,12.08337544,1345115.201,5701912.11
Vintul-de-Jos,1251-1300,Georeferenced Add,46.55163672,23.66471187,2634343.675,5869194.398
Kecskés,1251-1300,Georeferenced Add,48.37437675,18.84115427,2097387.699,6169365.322
