monastery_name,notes,lat,lon,x,y
Sveta Marija u. Polju,,44.70237916,18.88237688,2101976.58,5574788.238
S. Elisabeth,,50.96706379,10.30885233,1147576.192,6615469.755
Gniezno,,52.5443,17.602,1959445.677,6899146.607
Asti,,44.9,8.2042,913287.3664,5605792.247
Pisa,,43.7146,10.3833,1155863.669,5421381.581
Lucca,,43.8433,10.5157,1170602.369,5441224.434
Siena,,43.3213,11.3308,1261338.886,5361005.559
Viterbo,,42.4198,12.1086,1347923.186,5224072.36
Überlingen, ,47.7687,9.159,1019575.216,6068460.658
Schwäbisch Gmund,,48.8001,9.7909,1089918.002,6241010.364
Schwäbisch Hall,,49.1192,9.7368,1083895.618,6295111.396
Benevento,,41.1304,14.7831,1645647.164,5031594.702
Cosenza,,39.3003,16.2523,1809197.76,4764778.712
Speyer,,49.315,8.4286,938267.4601,6328480.309
Marburg,,50.8079,8.7732,976628.1566,6587383.545
Rothenburg,,49.3759,10.1889,1134223.16,6338886.129
Muhlhausen, ,51.2068,10.4656,1165025.263,6657956.094
Bamberg,,49.8926,10.8871,1211946.428,6427696.786
Schleswig,,54.5171,9.5667,1064960.173,7268703.537
Crotone,,39.0801,17.1267,1906535.523,4733151.714
Brindisi, ,40.637,17.9385,1996904.686,4958945.792
Quimper,,47.9971,-4.1008,-456498.9678,6106372.392
Vannes,,47.6613,-2.7552,-306707.461,6050691.062
Bayonne,,43.4915,-1.4641,-162982.8665,5387084.913
Talavera de la Reina,,39.9598,-4.8311,-537795.592,4860102.244
Toledo,,39.8628,-4.0248,-448038.6865,4846024.734
Tortosa,,40.8115,0.5215,58053.1144,4984577.589
Agen,,44.2049,0.6254,69619.2095,5497205.877
Cahors,,44.4462,1.4418,160500.4418,5534754.32
Narbonne,,43.1844,3.0007,334036.396,5340081.658
Albi,,43.9242,2.1477,239080.8704,5453719.442
Périgueux, ,45.1825,0.719,80038.7139,5650298.279
Le Puy-en-Velay, ,45.0452,3.8818,432119.9994,5628640.11
Angoulême, ,45.6512,0.1679,18690.5425,5724628.879
Troyes,,48.2877,4.081,454294.8419,6154852.024
Bourges,,47.0846,2.404,267612.0559,5955893.895
Nevers,,46.9905,3.166,352437.5079,5940523.568
Avignon,,43.953,4.8177,536303.9108,5458171.704
Valence,,44.9307,4.8841,543695.525,5610618.209
Senlis,,49.2064,2.5895,288261.8214,6309955.999
Arras,,50.2913,2.7714,308510.8368,6496877.542
Rennes,,48.119004,-1.676997,-186682.4521,6126675.744
Seville,,37.373004,-5.970996,-664688.2342,4491227.052
Bordeaux,,44.840997,-0.599004,-66680.8203,5596524.355
Montpellier,,43.614,3.867003,430472.8049,5405900.818
Toulouse,,43.599996,1.438002,160077.6504,5403747.877
Barcelona,,41.357997,2.159001,240338.8919,5065290.411
Genoa,,44.413002,8.883,988851.0367,5529579.237
Cagliari,,39.224997,9.108999,1014009.13,4753951.898
Bari,,41.100003,16.866702,1877592.678,5027103.292
Naples,,40.83336,14.250024,1586305.416,4987793.286
Palermo,,38.121003,13.358997,1487116.744,4596533.609
Bologna,,44.503002,11.333997,1261694.775,5543615.749
Ancona,,43.621002,13.516002,1504594.46,5406977.477
Perugia,,43.112997,12.384999,1378691.782,5329186.989
Rome,,41.879997,12.519999,1393719.913,5143020.492
Bremen,,53.080002,8.857998,986067.8268,6997809.857
Erfurt,,50.976,11.035998,1228521.678,6617049.498
Frankfurt am Main,,50.13,8.668161,964935.2686,6468820.064
Amiens,,49.887999,2.302002,256257.6904,6426901.787
Rouen,,49.431996,1.077003,119891.4255,6348482.516
Paris,,48.881997,2.432997,270839.9871,6254862.421
Orléans, ,47.914002,1.906002,212175.1721,6092559.738
Poitiers,,46.584999,0.340002,37848.8495,5874596.479
Limoges,,45.830997,1.251999,139371.8912,5753307.61
Dijon,,47.318004,5.036004,560605.4009,5994135.774
Clermont-Ferrand,,45.783999,3.090996,344088.1008,5745802.217
Lyon,,45.747,4.854996,540455.6825,5739898.074
Bruges,,51.21,3.220002,358448.983,6658524.695
Hamburg,,53.570997,10.027998,1116311.631,7089323.315
Besançon, ,47.248002,6.018003,669921.0296,5982648.678
Turin,,45.074871,7.666425,853422.5272,5633316.104
Milan,,45.473004,9.189999,1023026.009,5696296.213
Vienna,,48.202119,16.320978,1816842.96,6140546.347
Munich,,48.140973,11.54295,1284955.316,6130339.845
Venice,,45.424773,12.370716,1377101.806,5688643.035
Graz,,47.064996,15.431004,1717771.508,5952689.534
Schwerin,,53.633304,11.416698,1270901.008,7101012.088
Angers,,47.469004,-0.531997,-59221.6351,6018966.301
La Coruna, ,43.300996,-8.378998,-932745.7907,5357899.307
Santander,,43.428004,-3.819004,-425129.5806,5377346.995
Leon,,42.601003,-5.572996,-620383.0769,5251436.289
Burgos,,42.341002,-3.696001,-411436.9493,5212197.551
Toro,,41.524999,-5.394004,-600457.7786,5090090.042
Vitoria,,42.883999,-2.723002,-303123.1961,5294331.946
Córdoba,,37.884004,-4.777,-531773.2075,4563052.403
Jaen,,37.771,-3.790996,-422011.7443,4547126.111
Murcia,,37.988296,-1.484782,-165285.1762,4577772.562
Gerona,,41.976997,2.813996,313252.6018,5157534.329
Lerida,,41.622001,0.623999,69463.2509,5104524.132
Palma De Mallorca,,39.571,2.647001,294662.8034,4803795.61
Digne,,44.096002,6.231998,693742.844,5480310.753
Nice,,43.72,7.261004,808291.2679,5422213.29
Florence,,43.782001,11.207999,1247668.742,5431768.081
Reggio di Calabria, ,38.112001,15.646997,1741815.738,4595259.902
Siracusa,,37.071997,15.291002,1702186.556,4449146.998
Ferrara,,44.841004,11.610002,1292419.511,5596525.454
Ravenna,,44.419003,12.208997,1359099.329,5530514.487
Salerno,,40.723,14.926997,1661665.705,4971569.683
Taranto,,40.467004,17.243003,1919482.314,4934039.92
Lübeck,,53.869003,10.647002,1185218.841,7145385.963
Verdun,,49.161004,5.387996,599788.9711,6302224.691
Sens,,48.196996,3.284003,365573.5417,6139690.747
Le Mans,,47.995,0.199001,22152.69,6106023.053
Osnabrück,,52.279999,8.047001,895788.0537,6850912.067
Aachen,,50.766001,6.092003,678158.6719,6580005.922
Dortmund,,51.514,7.465997,831110.9843,6712722.98
Lüneberg,,53.250001,10.408997,1158724.246,7029375.889
Braunschweig,,52.270999,10.514,1170413.126,6849274.656
Grenoble,,45.180997,5.715002,636191.1125,5650060.909
Limburg,,50.382997,8.055002,896678.721,6512870.282
Würzburg, ,49.793002,9.946001,1107183.767,6410504.309
Worms,,49.596001,8.464997,942319.1556,6376602.087
Nuremberg, ,49.445998,11.063999,1231638.735,6350879.56
Ulm,,48.4,9.965999,1109409.934,6173660.452
Brescia,,45.541996,10.222004,1137908.28,5707255.091
Verona,,45.437002,10.992998,1223734.94,5690582.884
Padova,,45.411001,11.865998,1320916.855,5686458.928
Wiener Neustadt,,47.816998,16.238,1807605.892,6076463.642
Roskilde,,55.6399,12.0838,1345162.463,7487061.381
Fribourg,,46.8063,7.1623,797303.5889,5910514.415
Alessandria, ,44.9126,8.6148,958995.1493,5607772.623
Vercelli,,45.3236,8.4223,937566.1473,5672610.363
Como,,45.8077,9.0768,1010424.754,5749586.38
Pavia,,45.1901,9.1642,1020154.078,5651498.653
Spoleto,,42.7395,12.738,1417987.674,5272404.773
Iglesias,,39.3164,8.5317,949744.4996,4767095.027
Agrigento,,37.3114,13.5851,1512286.414,4482601.273
Prenzlau,,53.3138,13.8618,1543088.517,7041254.682
Brandenburg, ,52.4111,12.5497,1397026.214,6874801.676
Bautzen,,51.1812,14.433,1606674.211,6653408.71
Santarem,,39.2322,-8.686,-966921.097,4754987.018
Castiello de Jaca,,42.6312,-0.5485,-61058.7407,5256004.143
Cuenca,,40.0736,-2.1375,-237945.4116,4876643.402
Muret,,43.4602,1.3246,147453.7975,5382283.382
Carcassonne,,43.2154,2.3544,262090.6091,5344815.605
Mende,,44.5211,3.5038,390041.2318,5546440.951
Béziers, ,43.348,3.216,358003.4824,5365091.897
Vienne,,45.5245,4.8716,542304.0313,5704474.707
Mâcon, ,46.308,4.8297,537639.7447,5829844.564
Toul,,48.6792,5.8957,656306.3219,6220602.615
Bonifacio,,41.3864,9.1587,1019541.82,5069503.728
Porto,,41.166,-8.585001,-955677.9398,5036857.545
Pamplona,,42.813,-1.653003,-184011.4522,5283551.716
Valladolid,,41.650002,-4.721004,-525539.7613,5108694.774
Namur,,50.464998,4.868001,541903.3925,6527198.167
Utrecht,,52.100001,5.112,569065.2369,6818227.153
Geneva,,46.202004,6.134004,682834.2018,5812779.807
Basel,,47.547,7.576002,843356.6849,6031819.952
Luxembourg,,49.608,6.12,681275.2837,6378663.091
Strasbourg,,48.582999,7.767999,864729.6932,6204398.989
Zurich,,47.401002,8.533998,950000.3118,6007775.206
Alborg,,57.034998,9.932004,1105625.628,7767275.327
Trieste,,45.645003,13.777002,1533648.847,5723642.063
Badajoz,,38.878,-6.963001,-775117.7257,4704211.155
Salamanca,,40.966999,-5.657002,-629734.5821,5007475.242
Anagni,,41.741998,13.151,1463962.623,5122410.003
Trier,,49.750999,6.640004,739161.8641,6403264.406
Augsburg,,48.367996,10.889003,1212158.269,6168296.077
Regensberg,,49.020001,12.097001,1346631.991,6278255.827
Arezzo,,43.4629,11.8815,1322642.53,5382697.474
Tournai,,50.6049,3.3876,377105.907,6551700.452
Urbino,,43.72467,12.636719,1406713.124,5422932.626
Viborg,,56.4478,9.3905,1045345.678,7648081.377
Oristano, ,39.9053,8.5866,955855.9396,4852190.261
Fulda,,50.5476,9.6762,1077149.657,6541656.204
Herford,,52.1175,8.6634,964405.2765,6821398.908
Zamora,,41.5061,-5.7505,-640142.7318,5087280.353
Palencia,,42.0095,-4.5333,-504644.6476,5162402.604
Saintes,,45.7474,-0.6365,-70854.8559,5739961.884
Dax,,43.707,-1.0528,-117197.1599,5420211.153
Tarbes,,43.234,0.0732,8148.5867,5347657.128
Aurillac,,44.9295,2.443,271953.516,5610429.524
Rodez,,44.3513,2.5739,286525.2374,5519968.594
Sées, ,48.6057,0.171,19035.6329,6208219.851
Chartres,,48.4494,1.4829,165075.6729,6181947.3
Évreux, ,49.0198,1.1543,128496.0882,6278221.708
Wissembourg,,49.0337,7.9467,884622.5975,6280581.515
Die,,44.7548,5.3696,597741.1378,5583002.011
Embrun,,44.5628,6.4915,722630.4745,5552953.904
Liège, ,50.623002,5.569002,619938.4669,6554876.135
Gent,,51.048,3.735999,415889.5063,6629788.763
Odense,,55.398996,10.392003,1156832.482,7439691.375
Astorga,,42.461998,-6.047998,-673260.0577,5230437.708
Vich, ,41.935003,2.250002,250469.0769,5151248.176
Uzès, ,44.020996,4.412,491141.5934,5468691.938
Nîmes, ,43.846,4.357001,485019.1327,5441641.175
Tivoli,,41.961004,12.789002,1423665.19,5155139.821
Châlons-sur-Marne,,48.963004,4.364003,485798.5918,6268586.277
Hildesheim,,52.155997,9.954002,1108074.434,6828381.009
Paderborn,,51.712999,8.752997,974379.169,6748397.424
Albenga,,44.045998,8.211998,914155.4358,5472563.241
Alghero,,40.561999,8.314004,925510.6917,4947949.706
Parma,,44.806003,10.324001,1149262.534,5591032.158
Sassari,,40.729003,8.561,953006.1607,4972451.469
Trapani,,38.022001,12.522998,1394053.761,4582534.283
Pescina,,42.026002,13.647998,1519288.188,5164875.214
Forli,,44.222002,12.044999,1340843.155,5499862.025
Città di Castello,,43.461997,12.239003,1362439.582,5382558.981
Gubbio,,43.351,12.573002,1399620.18,5365551.149
Todi,,42.784999,12.402002,1380584.547,5279303.55
Orvieto,,42.727003,12.107999,1347856.283,5270510.804
Fermo,,43.163998,13.707002,1525856.483,5336967.422
Ascoli Piceno,,42.857998,13.577996,1511495.601,5290382.611
Teramo,,42.660997,13.698002,1524854.608,5260513.662
Penne,,42.46,13.917998,1549344.45,5230136.224
Rieti,,42.404002,12.855998,1431123.151,5221690.417
L'Aquila, ,42.351001,13.395998,1491235.676,5213703.569
Chieti,,42.348004,14.159999,1576283.878,5213252.145
Lucera,,41.508997,15.331997,1706750.099,5087710.993
Matera,,40.663996,16.607999,1848793.992,4962906.766
Castrovillari,,39.805999,16.205996,1804043.223,4837790.502
Solothurn,,47.308345,7.695254,856631.7568,5992549.859
Luzern,,47.063572,8.124761,904444.2573,5952456.821
Bern,,46.869352,7.595237,845497.9153,5920775.005
Monza,,45.585997,9.268004,1031709.486,5714251.355
Schaffhausen,,47.735485,8.586137,955804.3987,6062961.241
Konstanz,,47.652001,9.174998,1021356.105,6049154.24
Bolzano,,46.459996,11.326997,1260915.538,5854372.832
Bonn,,50.734996,7.100003,790368.7186,6574550.78
Salzwedel,,52.855,11.153999,1241657.489,6956221.754
Hannover,,52.461997,9.685001,1078129.38,6884095.411
Höxter, ,51.778996,9.378002,1043954.407,6760263.318
Göttingen, ,51.535996,9.929,1105291.224,6716658.514
Nordhausen,,51.497998,10.793999,1201582.472,6709861.089
Fritzlar,,51.115003,9.288002,1033935.653,6641661.689
Arnstadt,,50.841997,10.954001,1219393.813,6593392.268
Koblenz,,50.372998,7.585004,844358.7829,6511124.871
Offenburg,,48.451003,7.924997,882206.6306,6182216.338
Freiburg in Breisgau,,47.991004,7.844996,873300.96,6105358.351
Meiningen,,50.571997,10.412003,1159058.872,6545931.316
Wetzlar,,50.552998,8.508998,947217.3245,6542601.91
Coburg,,50.263999,10.961003,1220173.273,6492121.97
Heidelberg,,49.410997,8.688998,967254.8329,6344888.916
Heilbronn,,49.141996,9.218999,1026254.274,6298989.58
Pforzheim,,48.892003,8.701004,968591.3347,6256556.39
Esslingen am Neckar, ,48.738004,9.329996,1038610.404,6230522.516
Tübingen, ,48.520996,9.056,1008109.309,6193971.847
Reutlingen,,48.483997,9.208001,1025029.983,6187755.746
Nördlingen, ,48.852997,10.488998,1167629.916,6249954.771
Lindau,,47.575996,9.689996,1078685.42,6036603.336
Hof,,50.29,11.855999,1319803.771,6496651.033
Ingolstadt,,48.774004,11.432999,1272715.627,6236601.239
Landshut,,48.543001,12.150002,1352532.036,6197671
Wels,,48.157999,14.016998,1560365.08,6133180.606
Linz,,48.234004,14.188997,1579511.921,6145873.43
Wolfsberg,,46.849003,14.852,1653317.077,5917462.252
Rostock,,54.095002,12.087002,1345518.908,7188169.106
Greifswald,,54.089998,13.391003,1490679.635,7187219.296
Wismar,,53.893996,11.460998,1275832.461,7150105.912
Neubrandenburg,,53.558998,13.277999,1478100.087,7087074.285
Parchim,,53.424997,11.844002,1318468.272,7062001.063
Kyritz,,52.909,12.429002,1383590.174,6966183.09
Stendal,,52.604998,11.851004,1319247.731,6910264.87
Berlin,,52.524799,13.392821,1490882.014,6895577.805
Zerbst,,51.992998,12.114002,1348524.534,6798859.502
Wittenberg,,51.873001,12.623996,1405296.806,6777194.9
Aschersleben,,51.757,11.476001,1277502.588,6756306.633
Halle Saale,,51.479998,11.969003,1332383.319,6706643.064
Leipzig,,51.349003,12.397997,1380138.713,6683262.055
Zeitz,,51.052003,12.135998,1350973.118,6630497.612
Altenburg,GHW G3,51.001999,12.442997,1385148.09,6621647.33
Zwickau,,50.703001,12.476999,1388933.175,6568925.237
Torgau,,51.558001,12.995003,1446597.117,6720597.562
Dresden,,51.138997,13.769003,1532758.403,6645917.609
Freiberg,,50.916004,13.343996,1485446.84,6606449.23
Frankfurt an der Oder, ,52.342,14.537999,1618362.646,6862201.243
Cottbus,,51.763003,14.336003,1595876.554,6757386.274
Zittau,,50.899003,14.812004,1648864.743,6603447.93
Dordrecht,,51.793999,4.679003,520864.2314,6762963.195
Mechelen,,51.027001,4.477997,498488.3458,6626071.278
Leuven,,50.877997,4.703996,523646.4394,6599741.113
Brussels,,50.837002,4.367999,486243.4245,6592511.752
Nivelles,,50.685775,4.548584,506346.0547,6565898.054
Kampen,,52.555003,5.913002,658232.3717,6901105.995
Harderwijk,,52.351,5.632004,626951.8174,6863841.283
Deventer,,52.263997,6.160997,685839.0488,6848000.979
Maastricht,,50.911,5.773997,642758.4059,6605565.727
Tavira,,37.123999,-7.653004,-851928.5083,4456404.771
Jerez,,36.693997,-6.132004,-682611.5628,4396539.313
Algeciras,,36.133999,-5.452999,-607025.072,4319075.127
Manacor,,39.564997,3.204002,356667.8711,4802928.73
Sezimbra,,38.446999,-9.098998,-1012895.824,4642765.657
Estremoz,,38.840002,-7.584001,-844247.1295,4698779.076
Évora, ,38.6521,-7.929646,-882724.1549,4671959.694
Beja,,37.890178,-7.79326,-867541.7348,4563923.243
Leiria,,39.707305,-8.856925,-985948.381,4823499.357
Guimaraes, ,41.434999,-8.292004,-923061.6629,5076717.203
Lamego,,41.097004,-7.801,-868403.3477,5026660.278
Guarda,,40.527817,-7.267021,-808961.0773,4942942.285
Covilha,,40.282,-7.504999,-835452.6671,4907006.772
Tomar,,39.595003,-8.405998,-935751.417,4807262.58
Saumur,,47.267998,-0.069001,-7681.1562,5985928.405
Parthenay,,46.645999,-0.243997,-27161.6218,5884482.314
Saint Maxient-L'ecole, ,46.410001,-0.205,-22820.4956,5846297.377
Niort,,46.322998,-0.453004,-50428.1746,5832261.824
Cognac,,45.688003,-0.321001,-35733.6679,5730491.674
Pons,,45.579004,-0.543004,-60446.9288,5713139.085
Barbezieux,,45.473002,-0.151999,-16920.4513,5696295.896
Lesparre-Medoc,,45.307996,-0.928996,-103415.3617,5670140.181
Libourne,,44.922004,-0.240001,-26716.7891,5609250.958
Bazas,,44.437003,-0.212002,-23599.9547,5533320.348
Mont-de-Marsan,,43.893997,-0.505996,-56327.2171,5449052.602
Oloron,,43.189999,-0.615004,-68461.9321,5340936.492
Sarlat,,44.888002,1.217999,135587.0285,5603906.892
Bergerac,,44.860003,0.484004,53879.0788,5599508.684
Gourdon,,44.742004,1.378001,153398.3696,5580996.331
Figeac,,44.611,2.027999,225755.816,5560487.884
Marmande,,44.503999,0.154001,17143.3129,5543771.363
Casteljaloux,,44.315998,0.082001,9128.3096,5514474.539
Nérac, ,44.137996,0.336998,37514.4458,5486822.276
Montauban,,44.020996,1.341002,149279.6598,5468691.938
Condom,,43.962001,0.371,41299.5311,5459563.632
Lectoure,,43.938997,0.623,69352.0428,5456006.677
Lavaur,,43.701001,1.811999,201710.806,5419287.391
L'Isle-Jourdain, ,43.613998,1.079003,120114.0645,5405900.51
Castres,,43.603999,2.232002,248465.3261,5404363.237
Mirande,,43.520002,0.399998,44527.5737,5391459.386
Castelnaudary,,43.320004,1.956998,217852.0208,5360807.256
Pamiers,,43.114003,1.615997,179891.9632,5329340.396
Limoux,,43.052002,2.212004,246239.1589,5319890.434
Tarascon,,42.846001,1.600004,178111.6305,5288560.927
Crest,,44.734003,5.017997,558600.8708,5579742.458
Aubenas,,44.623996,4.379996,487578.9244,5562520.316
Marvejols,,44.554003,3.287999,366018.3744,5551579.548
Ales,,44.131003,4.076003,453738.5784,5485737.631
Millau,,44.104003,3.076004,342419.199,5481551.019
Apt,,43.876996,5.392001,600234.8057,5446426.721
Beaucaire,,43.815004,4.633004,515743.6461,5436858.116
Sommieres,,43.791001,4.075004,453627.3703,5433155.867
Arles,,43.689004,4.625003,514852.9789,5417440.296
Lunel,,43.683001,4.129004,459638.6228,5416516.195
Salon-de-Provence, ,43.664002,5.254004,584873.0499,5413592.099
Agde,,43.322002,3.464003,385611.0501,5361112.974
Gap,,44.567998,6.075002,676266.1292,5553766.085
Sisteron,,44.202004,5.932001,660347.3307,5496756.17
Manosque,,43.838998,5.777003,643093.0323,5440560.465
Grasse,,43.658998,6.916997,769996.5839,5412822.098
Draguignan,,43.541998,6.461003,719235.564,5394836.734
Hyères, ,43.123003,6.122999,681609.1308,5330712.938
Calvi,,42.571996,8.748002,973823.1281,5247050.529
Douai,,50.368003,3.08,342864.0316,6510253.088
Abbeville,,50.110999,1.839998,204827.6404,6465521.15
Compiègne,,49.408,2.819,313809.6445,6344376.159
Bernay,,49.093999,0.605,67348.2919,6290826.134
Mantes-la-Jolie, ,48.985999,1.706996,190021.9255,6272486.051
Meaux,,48.958,2.890001,321713.4397,6267737.875
Châteaudun,,48.07222223,1.337870239,148931.0338,6118878.462
Châtillon-sur-Seine,,47.862997,4.567997,508507.1,6084092.607
Vendôme,,47.797,1.066997,118777.5627,6073149.069
Blois,,47.588002,1.326998,147720.7416,6038584.705
Loudun,,47.013001,0.085997,9573.1422,5944196.425
Issoudun,,46.943998,2.000999,222750.1898,5932937.906
Châtellerault,,46.812004,0.543998,60557.5804,5911442.145
Châteauroux,,46.806001,1.703999,189688.301,5910465.787
Mirebeau,,46.787002,0.183998,20482.5637,5907376.414
Saint-Junien,,45.886003,0.900002,100187.7644,5762099.902
Nontron,,45.529,0.662996,73804.3771,5705189.744
Montignac,,45.068002,1.161002,129242.1514,5632233.37
Gray,,47.446,5.584997,621719.0221,6015178.911
Beaune,,47.030002,4.832003,537896.1135,5946972.538
Lons-le-Saunier, ,46.674997,5.543003,617044.2714,5889185.722
Saint-Pourcain-sur-Sioule, ,46.310002,3.290996,366351.9989,5830167.192
Riom,,45.895003,3.107,345869.6579,5763539.313
Montbrison,,45.610999,4.058003,451734.8276,5718229.176
Brioude,,45.295999,3.380996,376370.7531,5668241.464
Villefranche,,45.985003,4.717001,525094.1494,5777946.266
Romans,,45.068002,4.838996,538674.5707,5632233.37
Salins-les-Bains,,46.933999,5.873996,653890.2436,5931307.675
Chambéry, ,45.571003,5.909996,657897.7453,5711866.658
Vivero,,43.666,-7.584001,-844247.1295,5413899.564
Avilés, ,43.55465175,-5.917091547,-658687.618,5396780.197
Ribadeo,,43.539001,-7.039996,-783688.7699,5394376.491
Cangas de Narcea, ,43.180999,-6.543997,-728474.4138,5339562.445
Lugo,,43.017001,-7.558999,-841463.9196,5314559.931
Benavente,,42.008002,-5.671996,-631403.7065,5162178.18
Ciudad Rodrigo,,40.605001,-6.532,-727138.9139,4954252.829
Bejar,,40.39,-5.756002,-640755.2116,4922778.924
Plascencia,,40.031998,-6.084997,-677378.7675,4870593.232
Castro,,43.201996,-4.598998,-511958.1155,5342768.413
Miranda de Ebro,,42.693001,-2.946004,-327947.6652,5265359.6
Belorado,,42.424,-3.192001,-355331.9259,5224705.716
Sahagun,,42.373996,-5.026003,-559492.0947,5217167.913
Carrion de los Condes, ,42.343999,-4.597,-511735.6992,5212648.924
Mayorga,,42.162001,-5.264998,-586096.8964,5185277.383
Santa Domingo de Silos,,41.965999,-3.418,-380490.0195,5155887.619
Villalpando,,41.869996,-5.408998,-602126.9031,5141525.324
Penafiel, ,41.604001,-4.118002,-458413.8857,5101844.058
Ayllon,,41.425999,-3.370003,-375147.0179,5075380.939
Cuéllar, ,41.399998,-4.309999,-479786.894,5071521.515
Olmeda,,41.292997,-4.678999,-520863.7861,5055655.186
Arévalo, ,41.063002,-4.714,-524760.0796,5021638.891
Segovia,,40.933996,-4.107004,-457189.594,5002610.958
Guadalajara,,40.631002,-3.162004,-351992.6752,4958065.956
Estella,,42.683002,-2.032,-226201.2053,5263845.317
Sanguesa,,42.577999,-1.279996,-142488.5029,5247957.995
Huesca,,42.136999,-0.411001,-45752.422,5181523.372
Tudela,,42.067996,-1.603996,-178556.018,5171170.363
Tarazona,,41.902999,-1.722004,-191692.6084,5146460.221
Borja,,41.837002,-1.528,-170096.1819,5136594.319
Sarinena,,41.795998,-0.159001,-17699.9104,5130469.749
Soria,,41.764003,-2.457997,-273622.9744,5125693.53
Almazan, ,41.489998,-2.528998,-281526.7696,5084887.137
Calatayud,,41.353999,-1.634002,-181896.2706,5064697.493
Daroca,,41.121997,-1.407004,-156626.9688,5030352.881
Morella,,40.624999,-0.102004,-11355.0333,4957185.465
Teruel,,40.342003,-1.104001,-122896.8292,4915766.4
Huete,,40.146001,-2.688001,-299226.9026,4887181.485
Castellon De La Plana,,39.964003,-0.260998,-29054.1645,4860712.672
Ciudad Real,,38.977999,-3.927004,-437152.0856,4718520.608
Ubeda,,38.016997,-3.373999,-375591.8506,4581827.197
Játiva,,38.993002,-0.522997,-58219.7597,4720669.219
Albacete,,38.987998,-1.862998,-207387.9887,4719952.535
Berga,,42.105004,1.843004,205162.2668,5176721.535
Barbastro,,42.037999,0.122996,13691.8521,5166673.211
Monzón, ,41.909002,0.192998,21484.4391,5147358.116
Cervera,,41.673004,1.272998,141709.4891,5112122.189
Montblanc,,41.387002,1.162001,129353.3596,5069593.049
Villafranca Del Panades,,41.351002,1.694,188575.2174,5064253.051
Puigcerda,,42.435997,1.929998,214846.3946,5226515.086
Seret,,47.94751,26.068298,2901909.659,6098126.807
Ramieniec-Podolsk,,48.675476,26.573486,2958146.93,6219974.787
Saint-Antonin,,43.723083,0.815674,90800.4143,5422688.169
Mirepoix,,43.086487,1.876099,208846.3854,5325145.329
Rieux,,43.25708,1.19928,133503.2389,5351184.268
Rabastens,,43.82312,1.725098,192037.0309,5438110.274
Saint-Chély-d'Apcher, ,44.801331,3.275513,364628.4392,5590299.155
Villefranche-de-Rouergue,,44.351318,2.036926,226749.5651,5519971.396
Ganges,,43.936096,3.709473,412936.6455,5455558.212
Azille,,43.277893,2.658508,295943.7568,5354366.105
Campobasso,,41.56012,14.664917,1632491.093,5095313.614
Velletri,,41.691284,12.778076,1422448.914,5114846.877
Monteleone di Spoleto,,42.651917,12.953308,1441955.651,5259139.254
Atri,,42.580322,13.981079,1556366.595,5248309.183
Norcia,,42.794312,13.096497,1457895.377,5280716.256
Jesi,,43.522522,13.24353,1474263.016,5391846.254
Camerino,,43.140503,13.068909,1454824.295,5333382.347
Assisi,,43.070313,12.617493,1404572.896,5322680.334
Chiusi,,43.01709,11.948486,1330099.377,5314573.481
Haguenau,,48.820496,7.791504,867346.2578,6244458.026
Neuburg am Rhein,,48.986511,8.252075,918616.787,6272572.903
Sélestat, ,48.259705,7.456116,830011.0364,6150169.759
Neuenburg,,47.813721,7.558716,841432.4162,6075920.408
Thann,,47.812317,7.099487,790311.2777,6075687.675
Rouffach,,47.957092,7.2995,812576.623,6099719.439
Villingen,,48.055481,8.460083,941772.1316,6116089.865
Celje,,46.231079,15.260315,1698770.495,5817457.436
Koprivnica,,46.16272,16.832092,1873739.91,5806463.668
Székesfehérvár, ,47.188721,18.413879,2049823.634,5972932.73
Szemenye,,47.101929,16.914917,1882959.947,5958727.379
Potenza,,40.637329,15.802307,1759104.769,4958994.054
Zemun,,44.836121,20.411499,2272197.675,5595758.883
Cerevic,,45.211914,19.673889,2190087.305,5654944.933
Vrbas,,45.571716,19.639282,2186234.872,5711980.041
Tordinci,,45.369873,18.795288,2092281.889,5679939.589
Ilok,,45.222107,19.379089,2157270.319,5656555.725
Otok,,45.150085,18.883484,2102099.823,5645180.325
Bijeljina,,44.762329,19.207275,2138144.073,5584182.335
Modrica,,44.956726,18.298523,2036982.263,5614711.451
Podnovlje,,44.937927,18.141479,2019500.205,5611754.65
Bukovica,,45.284912,17.437683,1941153.992,5666487.127
Usora,,44.718872,18.083923,2013093.1,5577371.684
Dakovo,,45.308105,18.408081,2049178.203,5670157.433
Kovin,,44.751099,20.987488,2336316.477,5582421.861
Korczyna,,49.71228,21.252075,2365770.167,6396596.105
Lwów, ,49.830078,24.000122,2671681.36,6416900.183
Szatmar, ,47.798096,22.889526,2548050.379,6073330.693
Spiš, ,48.943909,20.570129,2289856.286,6265349.278
Szécsény, ,48.081116,19.519714,2172924.623,6120360.272
Eger,,47.90332,20.373108,2267924.008,6090785.772
Sarospatak, ,48.319092,21.566284,2400747.753,6160105.504
Szeged,,46.253296,20.145508,2242587.692,5821033.41
Našice, ,45.490723,18.093079,2014112.341,5699109.466
Baç, ,48.004272,17.377686,1934475.157,6107565.573
Ptuj,,46.420105,15.870117,1766653.343,5847928.83
Ljubovija,,44.197327,19.391907,2158697.213,5496029.945
Bosanska Krupa,,44.88269,16.163086,1799266.503,5603072.295
Kostajnica,,45.225098,16.554688,1842859.438,5657028.445
Modrus,,45.128723,15.241089,1696630.267,5641809.103
Pag,,44.446472,15.055115,1675927.736,5534796.733
Rab,,44.7547,14.761902,1643287.414,5582986.335
Cres,,44.960083,14.409485,1604056.533,5615239.559
Pula,,44.86969,13.841125,1540786.987,5601030.119
Krk,,45.026306,14.573486,1622313.041,5625663.779
Pirano,,45.533325,13.566711,1510239.36,5705877.028
Muggia,,45.604309,13.767517,1532592.982,5717164.622
Capo d'Istria, ,45.546692,13.730713,1528495.979,5708001.505
Lasva,,44.136108,17.929077,1995855.722,5486529.426
Greben,,45.757507,15.248718,1697479.523,5741574.338
Krbava,,44.613098,15.671509,1744544.402,5560815.958
Pasman, ,43.956116,15.387329,1712909.629,5458653.543
Glamoc,,44.047302,16.851074,1875852.977,5472765.197
Skradin,,43.817871,15.923096,1772550.939,5437300.425
Šibenik, ,43.733704,15.895874,1769520.599,5424324.321
Olovo,,44.128906,18.604919,2071090.109,5485412.403
Herceg Novi,,42.455505,18.536682,2063494.001,5229457.994
Cetinje,,42.39093,18.914124,2105510.653,5219719.939
Shkoder,,42.251282,19.773499,2201175.84,5198694.906
Hainberg,,48.137329,15.410522,1715491.462,6129731.972
Stein,,48.514709,13.951721,1553098.477,6192915.265
Laa an der Thaya,,48.72113,16.385681,1824045.665,6227674.781
Valtice,,48.744873,16.75708,1865389.613,6231682.034
Znojmo,,48.855896,16.048889,1786554.151,6250445.239
Glogówek, ,50.352478,17.864929,1988714.799,6507544.08
Laurino,,40.338997,15.332996,1706861.307,4915327.379
Olomouc,,49.59552,17.251892,1920471.833,6376519.479
Unicov,,49.771301,17.121277,1905931.837,6406763.004
Opava,,49.938904,17.902527,1992900.19,6435701.805
Vysoke Myto,,49.953125,16.162903,1799246.132,6438161.871
Benešov, ,49.781494,14.686707,1634916.745,6408520.093
Wodzislaw Slaski, ,50.00354167,18.46635902,2055665.683,6446889.218
Nysa,,50.481079,17.33551,1929780.146,6530010.883
Opole,,50.670471,17.9245,1995346.213,6563209.562
Brzeg,,50.860718,17.467712,1944496.805,6596693.232
Namyslów, ,51.07373,17.72229,1972836.299,6634346.083
Wroclaw,,51.10791,17.038513,1896718.591,6640403.995
Krnov,,50.089478,17.704529,1970859.153,6461786.299
Hradec Králové, ,50.209473,15.832703,1762488.436,6482632.216
Klodzko,,50.434692,16.661499,1854749.584,6521899.964
Strzelin,,50.781311,17.064697,1899633.381,6582700.958
Lwowek Slaski,,51.109314,15.581482,1734522.642,6640652.93
Legnica,,51.207092,16.155273,1798396.764,6658007.977
Boleslawiec,,51.26593,15.565674,1732762.903,6668469.155
Grodek, ,50.80183409,23.94834032,2665917.05,6586315.043
Zagan,,51.61792,15.32489,1705958.951,6731333.149
Glogów, ,51.663696,16.084717,1790542.506,6739544.313
Krosno,,52.059326,15.102295,1681179.789,6810859.472
Radomsko,,51.066895,19.444885,2164594.697,6633135.215
Kalisz,,51.767273,18.085327,2013249.392,6758154.321
Görlitz, ,51.153076,14.975281,1667040.655,6648415.893
Löbau, ,51.097107,14.66571,1632579.369,6638488.836
Ziebice,,50.600708,17.043274,1897248.583,6550965.212
Litomerice,,50.533875,14.131104,1573067.302,6539252.129
Novy Bydzov, ,50.241516,15.491272,1724480.511,6488207.694
Tynec, ,48.779297,17.009521,1893491.216,6237495.348
Hersfeld,,50.86908,9.707275,1080608.91,6598168.082
Grünberg, ,50.592529,8.958313,997234.8415,6549530.877
Oppenheim,,49.855713,8.357727,930377.9138,6421325.27
Andernach,,50.43927,7.406128,824446.3977,6522700.089
Oberwesel,,50.107483,7.726685,860130.6397,6464910.853
Kleve,,51.784912,6.130676,682463.7305,6761327.829
's-Hertogenbosch,,51.68927,5.304321,590474.3127,6744135.314
Sint-Truiden,,50.815491,5.186707,577381.5821,6588720.884
Neuss,,51.198486,6.695313,745318.8339,6656478.983
Zary,,51.64209,15.137085,1685052.594,6735667.659
Oborniki,,52.645081,16.814087,1871735.603,6917615.462
Pyrzyce,,53.146118,14.892517,1657827.409,7010071.664
Choszczno,,53.169495,15.419922,1716537.865,7014411.655
Drawsko Pomorskie,,53.531677,15.813904,1760395.741,7081955.758
Lelów, ,50.683716,19.625305,2184678.959,6565536.293
Stary Sacz,,49.564514,20.632874,2296841.027,6371196.145
Sroda Slaska,,51.164307,16.592712,1847092.251,6650409.353
Bytom,,50.348511,18.91571,2105687.205,6506852.007
Cracow,,50.064697,19.945129,2220281.604,6457487.77
Zawichost,,50.807678,21.846313,2431920.439,6587344.437
Horyniec,,50.197083,23.376282,2602235.809,6480477.362
Srem,,52.088684,17.01532,1894136.758,6816176.57
Wloclawek,,52.648315,19.067688,2122605.319,6918208.82
Radziejow,,52.624878,18.523682,2062046.848,6913909.708
Torun,,53.013916,18.598511,2070376.774,6985572.419
Chelmno,,53.348877,18.436279,2052317.19,7047793.266
Nowe,,53.649109,18.727112,2084692.572,7103979.845
Braniewo,,54.3797,19.820129,2206366.668,7242397.429
Pécs, ,46.071289,18.233276,2029719,5791780.701
Pozega, ,45.331116,17.677124,1967808.442,5673800.423
Bistrita,,47.133728,24.493103,2726559.754,5963929.268
Oradea,,47.060913,21.927673,2440977.393,5952022.298
Targu Mures, ,46.536316,24.555908,2733551.174,5866714.752
Sibiu,,45.968506,24.286682,2703581.073,5775303.72
Armenis,,45.200073,20.316711,2261645.923,5653074.071
Caransebes,,45.409119,22.225891,2474174.869,5686160.502
Orsova,,44.714294,22.408081,2494456.167,5576654.51
Turnu-severin,,44.63031,22.6521,2521620.237,5563507.92
Kolomyia,,48.551086,25.028503,2786160.209,6199030.534
Sniatyn,,48.448486,25.562927,2845652.017,6181793.903
Chernovtsy,,48.252686,25.976074,2891643.33,6148996.208
Khotin,,50.950073,26.850098,2988939.237,6612466.962
Halicz,,49.089111,22.735901,2530948.922,6289995.215
Senj,,44.990723,14.902283,1658914.555,5620061.131
Zadar,,44.113892,15.226929,1695053.983,5483084.182
Visoko,,46.090088,16.328308,1817658.932,5794797.657
Imotski,,43.447876,17.215881,1916463.106,5380393.519
Bar,,42.10553,19.088074,2124874.678,5176800.458
Ulcinj,,41.929688,19.224304,2140039.732,5150452.859
Durres,,41.180908,19.680298,2190800.752,5039062.284
Ludbreg,,46.253906,16.615112,1849585.807,5821131.614
Zagreb,,45.815125,15.978516,1778720.265,5750772.206
Virovitica,,45.833496,17.383911,1935168.12,5753706.867
Szombathely,,47.235291,16.621887,1850339.997,5980564.475
Esztergom,,47.793274,18.741882,2086336.761,6072531.643
Sopron,,47.684875,16.58313,1846025.587,6054588.468
Gyor,,47.684082,17.635071,1963127.124,6054457.341
Bratislava,,48.15323191,17.11986131,1905774.244,6132385.13
Nitra,,48.312927,18.086121,2013337.78,6159073.53
Trencin, ,48.893921,18.037903,2007970.177,6256881.138
Brno,,49.191101,16.611511,1849184.946,6307349.662
Caslav,,49.910278,15.39209,1713439.621,6430752.046
Pilsen,,49.747498,13.377686,1489197.194,6402661.235
Bechyne,,49.294922,14.468323,1610606.349,6325052.456
Stribro, ,49.753906,13.000671,1447228.076,6403765.273
Prague,,50.087891,14.420471,1605279.489,6461510.95
Zatec, ,50.317505,13.537903,1507032.468,6501444.769
Gryfice,,53.916687,15.19989,1692044.015,7154393.572
Szczecin,,53.428528,14.552917,1620023.31,7062660.741
Jihlava,,49.395508,15.590881,1735568.934,6342239.238
Venzolasca,,42.48468,9.452515,1052249.157,5233860.942
Biguglia,,42.627502,9.422913,1048953.877,5255444.633
L'Alesani, ,42.32428,9.398682,1046256.494,5209679.471
Lautrec,,43.705322,2.136108,237790.4548,5419952.755
Saint-Affrique, ,43.958679,2.885498,321212.168,5459049.888
Penne,,44.077271,1.728516,192417.5209,5477407.846
Étampes, ,48.437073,2.16333,240820.794,6179878.692
Verneuil-sur-Avre,,48.736084,0.929077,103424.3785,6230198.439
Pontoise,,49.048889,2.093079,233000.4885,6283160.909
Vernon,,49.090515,1.484314,165233.0787,6290233.875
Roye,,49.69873,2.793884,311013.7442,6394263.74
Noyon,,49.58252,3.003296,334325.3814,6374287.134
Brive-la-Gaillarde,,45.158691,1.532715,170621.0533,5646538.829
Donzenac,,45.227295,1.522888,169527.1167,5657375.691
Annonay,,45.240479,4.668518,519697.0465,5659459.767
Medina de Pomar,,42.941284,-3.477478,-387111.0802,5303038.939
Castrojeriz, ,42.289673,-4.140625,-460932.2666,5204470.305
Atienza,,41.19751,-2.870911,-319588.3506,5041518.139
Logrono, ,42.465881,-2.450012,-272734.0883,5231023.654
Olite,,42.481506,-1.651611,-183856.4955,5233381.838
Valcabrère, ,43.033081,0.583496,64954.4776,5317008.469
La Réole, ,44.583679,-0.040283,-4484.283,5556216.664
Saint-Macaire,,44.565918,-0.2276,-25336.3161,5553441.079
Saint-Emilion,,44.896118,-0.155396,-17298.6036,5605182.19
Aubeterre-sur-Dronne,,45.270508,0.171509,19092.2945,5664208.441
Saint-Jean-d'Angély, ,45.946289,-0.529297,-58921.0725,5771746.169
Oléron, ,45.900085,-1.299988,-144714.0022,5764352.203
Alenquer,,39.056274,-9.006226,-1002568.492,4729735.549
Largentière, ,44.54071,4.292114,477795.9449,5549503.176
Bagnols-sur-Cèze, ,44.154907,4.616516,513908.2104,5489445.776
L'Argentière-la-Bessée, ,44.793274,6.559082,730153.6683,5589035.209
Reillanne,,43.88031,5.658875,629943.0835,5446938.524
Monteux,,44.033691,4.998108,556386.8375,5470657.424
Saint-Gilles, ,43.674316,4.432495,493423.0863,5415179.39
Aigues-Mortes,,43.568481,4.190674,466503.6958,5398904.668
Anduze,,44.055115,3.985291,443640.5648,5473975.322
Sorgues,,44.012512,4.872681,542424.3677,5467378.648
Valréas, ,44.384521,4.983521,554763.0201,5525141.806
Kalundborg,,55.682678,11.101074,1235765.905,7495503.431
Svendborg,,55.059875,10.606873,1180751.701,7373495.312
Nestved, ,55.229919,11.760681,1309193.02,7406617.179
Ystad,,55.429504,13.820129,1538449.723,7445674.289
Trelleborg,,55.375488,13.157715,1464710.134,7435084.378
Middelburg,,51.501526,3.614929,402412.0555,6710491.971
Zierikzee,,51.652893,3.924072,436825.6969,6737605.755
Great Yarmouth,,52.607727,1.733093,192927.0303,6910765.112
Buttevant,,52.233093,-8.671082,-965260.4329,6842381.888
New Ross,,52.395874,-6.945984,-773223.4019,6872023.51
Llanfoes,,53.279297,-4.095581,-455917.9914,7034828.335
Randers,,56.464905,10.047119,1118440.171,7651527.298
Kolding,,55.490723,9.472107,1054430.128,7457693.887
Hörsens, ,55.860474,9.84967,1096460.249,7530689.968
Tander, ,54.932678,8.867126,987083.9511,7348811.233
Tulln,,48.348083,15.992126,1780235.323,6164960.046
Enns,,48.214294,14.479492,1611849.676,6142580.054
Lockenhaus,,47.406921,16.417725,1827612.787,6008748.722
Judenburg,,47.167908,14.661316,1632090.231,5969524.126
Mulhouse,,47.749512,7.339905,817074.4871,6065283.267
Colmar,,48.080688,7.360107,819323.3634,6120288.956
Samatan,,43.492493,0.929871,103512.7662,5387237.284
Martel,,44.937073,1.609924,179215.9199,5611620.352
Kaiserslautern,,49.444702,7.769104,864852.7012,6350657.665
Saarburg,,49.604919,6.549683,729107.3764,6378133.836
Dieburg,,49.899292,8.846497,984787.5413,6428853.222
Gelnhausen,,50.200928,9.192322,1023284.604,6481146.02
Excideuil,,45.336914,1.051086,117006.3583,5674718.567
Molina de Aragon,,40.842896,-1.882813,-209593.7844,4989196.404
Bragança, ,41.807312,-6.759216,-752432.4833,5132159.275
Villafranca del Bierzo,,42.607727,-6.807678,-757827.2484,5252453.227
Provins,,48.559326,3.30249,367631.5051,6200416.355
Neufchâteau, ,48.354919,5.692688,633707.1294,6166105.136
Châteauvillain,,48.035278,4.918518,547526.9192,6112725.845
Charlieu,,46.158691,4.172302,464458.5341,5805816.135
Champ-Aigue,,46.553284,3.192078,355340.4975,5869461.051
Bar-sur-Aube,,48.234924,4.704712,523726.1442,6146027.186
Burgdorf,,47.057922,7.628723,849225.5598,5951533.547
Moirans-en-Montagne,,46.429871,5.725708,637382.899,5849505.996
Nyon,,46.38092,6.238525,694469.4263,5841603.465
Grandson,,46.809509,6.645874,739815.3096,5911036.332
Vézelay, ,47.463501,3.741699,416524.0274,6018060.134
Gignac,,43.653687,3.551514,395352.73,5412004.927
Florensac,,43.383484,3.465698,385799.7366,5370525.378
Forcalquier,,43.9599,5.780884,643525.0632,5459238.712
Riez,,43.818726,6.090881,678033.7714,5437432.335
Cheb,,50.077881,12.375916,1377680.667,6459774.399
Weida,,50.773071,12.060913,1342614.694,6581250.352
Möst, ,51.761475,12.276123,1366571.761,6757111.449
Seusslitz, ,51.242676,13.420715,1493987.16,6664333.081
Oschatz,,51.299316,13.112915,1459723.021,6674411.019
Barby,,51.966675,11.879089,1322374.139,6794102.108
Magdeburg,,52.131104,11.636719,1295393.634,6823865.541
Angermunde, ,53.016113,14.000305,1558506.824,6985978.946
Nyborg,,55.310486,10.791687,1201325.102,7422359.799
Gransee,,53.006897,13.157715,1464710.134,6984273.781
Bolsward,,53.0625,5.525879,615138.0365,6994567.107
Seligenthal,,50.795715,7.274902,809838.3862,6585237.314
Soest,,51.570129,8.108276,902609.1555,6722769.373
Roermond,,51.192688,5.992676,667101.6408,6655449.036
Saint-Quentin,,49.848328,3.28833,366055.2212,6420050.238
Péronne, ,49.929321,2.93512,326736.0638,6434044.469
Hesdin,,50.373108,2.03772,226837.9528,6511144.07
Oudenaarde,,50.842712,3.604126,401209.4711,6593518.315
Saint-Omer,,50.749878,2.249878,250455.2733,6577168.727
Béthune, ,50.531921,2.637695,293626.8643,6538909.923
Ypres,,50.851318,2.884277,321076.2469,6595035.619
Lille,,50.637329,3.06311,340983.8454,6557390.427
Diest,,50.98468,5.050476,562216.4166,6618584.239
Tienen,,50.805725,4.939514,549864.1832,6587000.406
Mons,,50.453308,3.94873,439570.6129,6525154.078
Dinant,,50.260681,4.912292,546833.8441,6491544.192
Huy,,50.518677,5.239502,583258.6947,6536590.86
Falaise,,48.896484,-0.195801,-21796.4676,6257315.113
Sézanne, ,48.723694,3.7229,414431.3323,6228107.432
Loches,,47.129272,0.998718,111176.7792,5963200.139
Villefranche-de-Confluent,,42.591675,2.372681,264125.6407,5250025.705
Morlaàs, ,43.344727,-0.263611,-29345.0423,5364590.88
Nogaro,,43.757324,-0.0354,-3940.71,5427963.995
Brignoles,,43.406311,6.06189,674806.508,5374022.439
Nonza,,42.785095,9.34491,1040270.623,5279318.111
Monte Rasu,,40.421875,9.004883,1002418.99,4927438.732
Frias, ,42.761475,-3.294312,-366721.1344,5275736.095
Pontevedra,,42.433716,-8.64801,-962692.0696,5226171.042
Ourense,,42.340088,-7.864624,-875485.939,5212059.899
Palenzuela,,42.095276,-4.129211,-459661.6659,5175262.028
Ayles,,41.397705,-1.060181,-118018.8091,5071181.23
Baeza,,37.99353,-3.469177,-386187.0171,4578511.859
Pyzdry,,52.165996,17.699996,1970354.542,6830195.49
Saragossa, ,41.656311,-0.876587,-97581.2185,5109634.725
Aix-en-Provence,,43.524902,5.454285,607168.2288,5392211.644
Auch,,43.647278,0.584717,65090.3987,5411018.91
Nantes,,47.216919,-1.556702,-173291.274,5977552.929
Bayeux,,49.276489,-0.705505,-78536.4574,6321906.677
Dinan,,48.453918,-2.046021,-227762.0159,6182705.596
Guingamp,,48.560303,-3.144409,-350034.0087,6200580.684
Münster,,51.964722,7.628479,849198.3978,6793749.251
Halberstadt,,51.891724,11.047485,1229800.405,6780571.392
Quedlinburg,,51.783691,11.14209,1240331.785,6761108.114
Stade,,53.599121,9.473694,1054606.792,7094597.234
Stralsund,,54.313904,13.085876,1456713.053,7229831.534
Kiel,,54.322693,10.135925,1128326.01,7231508.917
Ribe,,55.328491,8.761902,975370.469,7425882.309
Lund,,55.702881,13.192871,1468623.682,7499493.614
Mainz,,49.995117,8.267517,920335.7826,6445430.234
Metz,,49.116089,6.172729,687145.0491,6294582.274
Soissons,,49.382324,3.327698,370437.6469,6339984.532
Rheims,,49.256714,4.033081,448960.5232,6318533.179
Laon,,49.56488,3.624329,403458.4587,6371258.963
Valenciennes,,50.357727,3.523499,392234.1145,6508459.896
Cambrai,,50.175476,3.234497,360062.559,6476720.835
Beauvais,,49.429321,2.081116,231668.7734,6348024.652
Caen,,49.184875,-0.360107,-40086.9279,6306289.232
Auxerre,,47.798279,3.574524,397914.1915,6073361.019
Lausanne,,46.519714,6.63208,738279.7685,5864028.521
Kotor,,42.432922,18.770081,2089475.859,5226051.286
Dubrovnik,,42.654114,18.095886,2014424.815,5259471.788
Ston,,42.836487,17.696289,1969941.88,5287116.526
Split,,43.516113,16.446716,1830840.05,5390862.383
Barletta, ,41.319275,16.284119,1812739.835,5059549.328
Messina, ,38.192322,15.556702,1731764.145,4606630.2
Marseilles,,43.298279,5.383301,599266.3261,5357483.719
Perpignan,,42.701721,2.894287,322190.555,5266680.385
Tarragona,,41.11908,1.245483,138646.5334,5029921.835
Valencia,,39.470276,-0.376709,-41935.0541,4789260.201
Lisbon,,38.707275,-9.135498,-1016958.986,4679827.545
Avila, ,40.656494,-4.700317,-523236.895,4961805.878
Coimbra,,40.211487,-8.429199,-938334.1405,4896722.756
Madrid,,40.416687,-3.703186,-412236.7798,4926680.148
Oviedo,,43.360291,-5.844788,-650638.824,5366973.594
Corunna,,43.371521,-8.395996,-934637.9994,5368693.191
Santiago de Compostela,,42.880493,-8.546326,-951372.6585,5293799.317
Bodmin,,50.471313,-4.71759,-525159.7166,6528302.605
Exeter,,50.721924,-3.533508,-393348.3113,6572251.922
Bridgwater,,51.127686,-3.004028,-334406.8673,6643911.053
Chichester,,50.836731,-0.78009,-86839.2216,6592463.983
Kilkenny,,52.653687,-7.247986,-806842.1108,6919194.546
Wicklow,,52.979309,-6.042175,-672611.8443,6979171.562
Nenagh,,52.862915,-8.199402,-912753.2554,6957681.052
Clare,,52.84021969,-9.044131605,-1006788.125,6953497.403
Clane,,53.291504,-6.688782,-744591.8063,7037101.353
Dublin,,53.344116,-6.267517,-697696.801,7046905.469
Drogheda,,53.716919,-6.354309,-707358.4422,7116725.392
Dundalk,,54.000122,-6.403687,-712855.176,7170179.399
Carrickfergus,,54.72113,-5.791199,-644673.3238,7307930.16
Groningen,,53.214905,6.567688,731111.6838,7022848.884
Copenhagen,,55.676331,12.568115,1399076.162,7494250.295
Shrewsbury,,52.708313,-2.754211,-306597.3661,6929224.925
Dumfries,,55.069092,-3.607788,-401617.1231,7375287.025
Hereford,,52.056091,-2.717529,-302513.9445,6810273.788
Clonmel,,52.355713,-7.698425,-856984.7509,6864700.251
Norwich,,52.628113,1.2995,144659.6783,6914502.976
Gloucester,,51.811279,-2.172607,-241853.5049,6766073.944
Northampton,,52.236877,-0.8974,-99898.111,6843069.7
Lichfield,,52.683472,-1.822388,-202867.3042,6924662.087
Flensburg,,54.780518,9.43573,1050380.659,7319385.125
Kildare,,53.159912,-6.908997,-769106.0279,7012632.264
Colchester,,51.889893,0.901306,100332.925,6780241.129
Limerick,,52.663879,-8.626709,-960320.8531,6921065.04
Dorchester,,50.710693,-2.434021,-270953.9783,6570277.338
Lewes,,50.875671,0.017883,1990.7265,6599330.759
Winchelsea,,50.923889,0.707886,78801.5091,6607841.595
London,,51.500122,-0.126221,-14050.8574,6710240.9
Salisbury,,51.067505,-1.797607,-200108.6959,6633243.274
Reading,,51.451477,-0.990601,-110273.1989,6701546.704
Bristol,,51.455322,-2.591919,-288531.1033,6702233.574
Winchester,,51.06311,-1.316711,-146575.598,6632464.752
Canterbury,,51.277283,1.080505,120281.2664,6670489.217
Oxford,,51.752319,-1.255798,-139794.7939,6755464.854
Bedford,,52.135681,-0.468018,-52099.5254,6824695.597
Cambridge,,52.202515,0.131287,14614.802,6836825.92
Ipswich,,52.059326,1.155701,128652.0468,6810859.472
Dunwich,,52.277283,1.631897,181661.9431,6850417.898
Bury St Edmunds,,52.246887,0.711304,79181.9991,6844889.486
Worcester City,,52.196472,-2.210022,-246018.5237,6835728.37
Carmarthen,,51.856506,-4.310486,-479841.1066,6774221.368
Bridgnorth,,52.535278,-2.424011,-269839.6702,6897495.329
Coventry,,52.405884,-1.512512,-168372.0657,6873849.847
Leicester,,52.634705,-1.129395,-125723.6763,6915712.021
Kings Lynn,,52.763916,0.405884,45182.8002,6939447.606
Stafford,,52.805115,-2.116211,-235575.5309,6947030.515
Chester,,53.191528,-2.89502,-322272.1522,7018504.295
Lincoln,,53.234924,-0.538391,-59933.412,7026571.277
Grimsby,,53.565491,-0.075195,-8370.6691,7088291.22
Doncaster,,53.523071,-1.133789,-126212.8141,7080344.127
Preston,,53.757874,-2.703308,-300930.87,7124433.236
Bolton,,53.578491,-2.42981,-270485.2119,7090728.275
Beverley,,53.845276,-0.436096,-48545.9847,7140907.708
Scarborough,,54.280273,-0.402405,-44795.5197,7223416.355
York,,53.953491,-1.083313,-120593.8515,7161352.962
Richmond,,54.405273,-1.736511,-193307.5203,7247286.863
Carlisle,,54.895081,-2.933594,-326566.1903,7341530.043
Newcastle Upon Tyne,,54.977905,-1.61322,-179582.8289,7357579.104
Roxburgh,,55.567688,-2.480713,-276151.708,7472831.553
Lanark,,55.673889,-3.781921,-421001.5199,7493768.207
Haddington,,55.955505,-2.783875,-309899.5474,7549563.054
Dundee,,56.461487,-2.968079,-330405.0429,7650838.594
Ardfert,,52.327698,-9.785889,-1089360.18,6859595.723
Cork,,51.897888,-8.471008,-942988.2971,6781683.312
Timoleague,,51.643494,-8.767822,-976029.4804,6735919.516
Youghal,,51.953308,-7.850403,-873902.8645,6791687.341
Waterford,,52.256897,-7.129211,-793620.1383,6846709.682
Wexford,,52.339294,-6.460083,-719133.15,6861708.203
Galway,,53.279907,-9.064575,-1009063.873,7034941.906
Multyfarnham,,53.625488,-7.392212,-822897.2757,7099544.862
Armagh,,54.347473,-6.656128,-740956.7796,7236240.117
Nottingham,,52.955078,-1.149292,-127938.6002,6974692.885
Mondovi,,44.392003,7.824998,871074.7928,5526307.316
Medicina,,44.477998,11.632997,1294979.302,5539713.922
Imola,,44.357002,11.711999,1303773.765,5520856.307
Cervia,,44.274004,12.348002,1374573.295,5507943.31
Cesena,,44.137996,12.248003,1363441.457,5486822.276
Rimini,,44.067004,12.574001,1399731.389,5475817.068
Pesaro,,43.912996,12.910997,1437245.612,5451987.971
Senigallia,,43.716004,13.208996,1470418.709,5421597.818
Fossombrone,,43.693,12.803996,1425334.315,5418055.491
Urbania,,43.672003,12.514997,1393163.093,5414823.403
Cortona,,43.273996,11.974997,1333050.568,5353770.259
Asciano,,43.234999,11.552996,1286073.632,5347809.77
Montepulciano,,43.097002,11.779004,1311232.727,5326748.215
Città della Pieve, ,42.954001,12.006002,1336502.029,5304972.949
Marsciano,,42.910999,12.333998,1373014.377,5298434.784
Montefiascone,,42.541,12.026,1338728.196,5242366.293
Montalto di Castro, ,42.352999,11.599004,1291195.219,5214004.53
Civita Castellana,,42.289,12.407996,1381251.797,5204369.031
Tarquinia,,42.252001,11.748998,1307892.475,5198803.038
Fabriano,,43.329004,12.907001,1436800.779,5362184.444
Macerata,,43.298998,13.440998,1496245.053,5357593.694
Matelica,,43.261,13.007,1447932.617,5351783.464
Nocera Umbra,,43.111996,12.783998,1423108.148,5329034.346
Amandola,,42.976996,13.351997,1486337.507,5308471.059
Terni,,42.548002,12.657998,1409081.892,5243424.259
Pinerolo,,44.891998,7.320998,814969.7695,5604534.777
Cortemilia,,44.583001,8.188004,911484.4359,5556110.694
Fossano,,44.556001,7.715999,858941.0796,5551891.677
Cuneo,,44.388997,7.536998,839014.7795,5525839.038
Ventimiglia,,43.794997,7.659002,852596.2026,5433772.111
Tortona,,44.904004,8.858,986068.0494,5606421.52
Carpi,,44.785996,10.881002,1211267.602,5587893.62
Bobbio,,44.772001,9.388001,1045067.491,5585698.843
Acqui,,44.680003,8.467004,942542.5738,5571284.404
Modena,,44.650996,10.925003,1216165.771,5566744.274
Savona,,44.314,8.470001,942876.1983,5514163.689
Chiavari,,44.314,9.344999,1040280.53,5514163.689
Massa,,44.046997,10.136999,1128445.567,5472717.96
Pistoia,,43.935001,10.916003,1215163.896,5455388.942
Prato,,43.885996,11.095004,1235090.196,5447816.718
Colle di Val d'Elsa, ,43.428004,11.124002,1238318.238,5377346.995
Volterra,,43.403002,10.858997,1208818.017,5373515.424
Piombino,,42.937,10.530002,1172194.461,5302387.515
Grosseto,,42.766999,11.106002,1236314.487,5276573.697
San Giovanni in Fiore,,39.254002,16.697999,1858812.746,4758120.763
Caltagirone,,37.233997,14.517002,1616025.271,4471773.334
Ragusa,,36.925999,14.732003,1639959.072,4428797.016
Cefalu,,38.037004,14.021003,1560810.914,4584654.557
Termini Imerese,,37.990996,13.701998,1525299.44,4578153.928
Salemi,,37.819996,12.805004,1425446.525,4554028.4
Monte Leone,,46.245682,8.035894496,894551.6834,5819807.724
Corleone,,37.809997,13.302002,1480772.089,4552619.423
Marsala,,37.800997,12.433997,1384146.215,4551351.381
Mazara Del Vallo,,37.657996,12.592001,1401735.139,4531224.141
Licata,,37.103002,13.936997,1551459.409,4453473.679
Popoli,,42.169003,13.823003,1538769.655,5186328.988
Carsoli,,42.098002,13.079,1455947.62,5175670.992
Sulmona,,42.046,13.925,1550123.909,5167872.513
Avezzano,,42.028999,13.421999,1494130.094,5165324.344
Subiaco,,41.926003,13.090997,1457283.12,5149901.489
Sora,,41.693002,13.577996,1511495.601,5115102.99
Arpino,,41.650999,13.606004,1514613.437,5108843.306
Ceprano,,41.552998,13.510001,1503926.432,5094254.124
Sezze,,41.502004,13.055996,1453386.826,5086671.514
Cassino,,41.491996,13.826999,1539214.488,5085184.065
Venafro,,41.489998,14.034998,1562368.831,5084887.137
Priverno,,41.477002,13.176002,1466745.833,5082955.996
Fondi,,41.354998,13.423997,1494352.51,5064845.645
Terracina,,41.291998,13.241999,1474092.586,5055507.175
Gaeta,,41.211997,13.562003,1509715.268,5043661.64
Borgno San Lorenzo,,43.948996,11.384003,1267261.417,5457552.586
Figline Valdarno,,43.581004,11.313002,1259357.622,5400828.893
Citivella del Tronto,,42.775999,13.664999,1521180.73,5277938.524
Antrodoco,,42.415,13.088,1456949.495,5223348.577
Catignano,,42.345997,13.946996,1552572.493,5212949.852
Pescara,,42.466003,14.194001,1580068.964,5231042.064
Lanciano,,42.226999,14.383001,1601108.347,5195043.677
Guardiagrele,,42.19,14.219003,1582852.174,5189483.15
Vasto,,42.108001,14.704004,1636842.238,5177171.224
Boiano,,41.481997,14.464001,1610125.226,5083698.182
Teano,,41.244001,14.063996,1565596.873,5048398.647
Aversa,,40.976998,14.191004,1579735.339,5008949.466
Avellino,,40.912999,14.791997,1646637.574,4999517.493
Nocera Inferiore,,40.742998,14.638997,1629605.692,4974507.515
Veglia,,40.330996,17.968997,2000299.596,4914158.943
Domodossola,,46.117996,8.291999,923061.1063,5799278.367
Varese,,45.824002,8.824997,982394.1723,5752190.135
Cantu,,45.736999,9.125003,1015790.687,5738302.829
Bergamo,,45.694996,9.665003,1075903.212,5731606.11
Saronno,,45.630997,9.029,1005103.682,5721412.136
Novara,,45.448999,8.611004,958572.5805,5692486.34
Lodi,,45.313,9.500996,1057646.037,5670932.262
Piacenza,,45.052999,9.698996,1079687.296,5629868.957
Valenza,,45.016999,8.633999,961132.3722,5624198.028
Locarno,,46.164004,8.762996,975492.2525,5806670.04
Lugano,,46.006,8.949998,996309.22,5781310.777
Cremona,,45.142,10.012997,1114641.727,5643904.251
Belluno,,46.144996,12.217997,1360101.205,5803615.454
Feltre,,46.026997,11.912996,1326148.648,5784676.564
Conegliano,,45.889,12.297998,1369006.875,5762579.2
Bassano Del Grappa,,45.76795014,11.733106,1306123.385,5743240.728
Treviso,,45.666997,12.245996,1363218.039,5727144.902
Vicenza,,45.544003,11.550998,1285851.216,5707574.09
Plove Di Sacco,,45.295999,12.038996,1340174.904,5668241.464
Este,,45.219004,11.655002,1297428.888,5656065.329
La Scarzuola,,42.90679293,12.1483665,1352349.972,5297795.524
Chioggia,,45.215998,12.277001,1366669.5,5655590.289
Rovigo,,45.079,11.783,1311677.56,5633967.005
Gemona del Friuli,,46.279996,13.138004,1462515.915,5825332.87
Udine,,46.066003,13.241,1473981.378,5790932.563
Monfalcone,,45.811996,13.528001,1505930.183,5750272.463
Chivasso, ,45.18988,7.884277,877673.7009,5651463.903
"Rivarolo, Torrile", ,44.908081,10.318115,1148607.308,5607062.31
Ivrea, ,45.466675,7.875916,876742.9587,5695291.57
Biella, ,45.562927,8.058289,897044.6281,5710582.487
San Esteban de Gormaz, ,41.57325014,-3.206482393,-356943.9872,5097267.198
Breisach am Rhein, ,48.02832,7.582703,844102.6368,6111567.568
Weissenburg, ,49.032288,10.97168,1221361.831,6280341.769
Kaysersberg, ,48.138916,7.263916,808615.4303,6129996.701
Susa, ,45.138489,7.048523,784637.9912,5643350.158
Chieri, ,45.011475,7.822693,870818.2014,5623328.171
Hofgeismar, ,51.49408,9.383484,1044564.661,6709160.524
Friedberg, ,48.354919,10.979675,1222251.83,6166105.136
Merl, ,50.039917,7.169678,798124.9041,6453191.634
Siegburg, ,50.798889,7.20813,802405.3612,6585796.32
Emden, ,53.364319,7.201294,801644.3811,7050673.462
Aalborg,,57.047302,9.920105,1104301.037,7769792.943
Bergen,,63.298279,21.068115,2345291.834,9173766.126
Menorca, ,40.002319,3.839294,427388.2531,4866279.276
Eivissa, ,38.908875,1.432495,159464.614,4708627.091
Tàrrega, ,41.646912,1.139282,126824.2921,5108234.441
La Bastide-de-Sérou, ,43.012878,1.42749,158907.4599,5313932.215
Rioms, ,44.273071,5.460327,607840.8212,5507798.256
Rions, ,44.664124,-0.351624,-39142.6046,5568798.766
Pitigliano, ,42.636108,11.674683,1299619.767,5256746.778
Piancastagnaio, ,42.851685,11.686096,1300890.256,5289423.97
Sant'Angelo in Pontano, ,43.099487,13.397705,1491425.698,5327127.063
"San Severino, Rapagnano", ,43.154724,13.585327,1512311.684,5335552.149
Sarteano, ,42.989319,11.866882,1321015.262,5310346.231
Radicofani, ,42.896484,11.771118,1310354.862,5296228.906
Proceno, ,42.758301,11.830688,1316986.164,5275254.857
Mantua, ,45.160278,10.797729,1201997.694,5646789.368
Gargnano, ,45.688721,10.662476,1186941.399,5730606.091
Tours, ,47.39032,0.688904,76688.4425,6006018.581
Jaca, ,42.572083,-0.55011,-61237.9651,5247063.68
Orthez, ,43.488281,-0.772583,-86003.5462,5386590.992
Carinena, ,41.336914,-1.224121,-136268.5264,5062164.135
Castro-Urdiales, ,43.382874,-3.219482,-358391.0969,5370431.945
Medina del Campo, ,41.308289,-4.921692,-547880.2473,5057921.12
Stamford,,52.651306,-0.47998,-53431.1292,6918757.633
